City, State, NameOFRace, NumberOfpeople, PercentOfPeople
New York,New York,White alone,2715022,31.80%
New York,New York,Hispanic,2489090,29.20%
New York,New York,Black alone,1877084,22.00%
New York,New York,Asian alone,1195842,14.00%
New York,New York,Two or more races,168403,2.00%
New York,New York,Other race alone,74266,0.90%
New York,New York,American Indian alone,14579,0.20%
New York,New York,Native Hawaiian and OtherPacific Islander alone,3387,0.04%
California,Los Angeles,Hispanic,1944758,48.90%
California,Los Angeles,White alone,1133715,28.50%
California,Los Angeles,Asian alone,446561,11.20%
California,Los Angeles,Black alone,337134,8.50%
California,Los Angeles,Two or more races,85982,2.20%
California,Los Angeles,Other race alone,17186,0.40%
California,Los Angeles,American Indian alone,6419,0.20%
California,Los Angeles,Native Hawaiian and OtherPacific Islander alone,4569,0.10%
Illinois,Chicago,White alone,882354,32.60%
Illinois,Chicago,Hispanic,803476,29.70%
Illinois,Chicago,Black alone,793852,29.30%
Illinois,Chicago,Asian alone,170440,6.30%
Illinois,Chicago,Two or more races,46978,1.70%
Illinois,Chicago,Other race alone,4255,0.20%
Illinois,Chicago,American Indian alone,3027,0.10%
Illinois,Chicago,Native Hawaiian and OtherPacific Islander alone,583,0.02%
Texas,Houston,Hispanic,1031878,44.80%
Texas,Houston,White alone,556000,24.10%
Texas,Houston,Black alone,506566,22.00%
Texas,Houston,Asian alone,169558,7.40%
Texas,Houston,Two or more races,32123,1.40%
Texas,Houston,Other race alone,4910,0.20%
Texas,Houston,American Indian alone,2689,0.10%
Texas,Houston,Native Hawaiian and OtherPacific Islander alone,664,0.03%
Arizona,Phoenix,Hispanic,707092,43.80%
Arizona,Phoenix,White alone,680241,42.10%
Arizona,Phoenix,Black alone,101195,6.30%
Arizona,Phoenix,Asian alone,60581,3.80%
Arizona,Phoenix,Two or more races,36032,2.20%
Arizona,Phoenix,American Indian alone,23873,1.50%
Arizona,Phoenix,Native Hawaiian and OtherPacific Islander alone,2515,0.20%
Arizona,Phoenix,Other race alone,3512,0.20%
Pennsylvania,Philadelphia,Black alone,643763,41.10%
Pennsylvania,Philadelphia,White alone,543137,34.60%
Pennsylvania,Philadelphia,Hispanic,226320,14.40%
Pennsylvania,Philadelphia,Asian alone,109616,7.00%
Pennsylvania,Philadelphia,Two or more races,35501,2.30%
Pennsylvania,Philadelphia,Other race alone,5793,0.40%
Pennsylvania,Philadelphia,American Indian alone,3433,0.20%
Pennsylvania,Philadelphia,Native Hawaiian and OtherPacific Islander alone,309,0.02%
Texas,San Antonio,Hispanic,955499,64.00%
Texas,San Antonio,White alone,371519,24.90%
Texas,San Antonio,Black alone,102488,6.90%
Texas,San Antonio,Asian alone,40410,2.70%
Texas,San Antonio,Two or more races,18933,1.30%
Texas,San Antonio,American Indian alone,1697,0.10%
Texas,San Antonio,Other race alone,1675,0.10%
Texas,San Antonio,Native Hawaiian and OtherPacific Islander alone,273,0.02%
California,San Diego,White alone,602167,42.80%
California,San Diego,Hispanic,421965,30.00%
California,San Diego,Asian alone,236310,16.80%
California,San Diego,Black alone,86405,6.10%
California,San Diego,Two or more races,50895,3.60%
California,San Diego,Native Hawaiian and OtherPacific Islander alone,4907,0.30%
California,San Diego,American Indian alone,1958,0.10%
California,San Diego,Other race alone,2015,0.10%
Texas,Dallas,Hispanic,545183,41.40%
Texas,Dallas,White alone,378704,28.70%
Texas,Dallas,Black alone,321091,24.40%
Texas,Dallas,Asian alone,46401,3.50%
Texas,Dallas,Two or more races,22798,1.70%
Texas,Dallas,Other race alone,2736,0.20%
Texas,Dallas,American Indian alone,899,0.07%
Texas,Dallas,Native Hawaiian and OtherPacific Islander alone,130,0.01%
California,San Jose,Asian alone,355456,34.70%
California,San Jose,Hispanic,328979,32.10%
California,San Jose,White alone,269983,26.30%
California,San Jose,Two or more races,31387,3.10%
California,San Jose,Black alone,28963,2.80%
California,San Jose,Native Hawaiian and OtherPacific Islander alone,5602,0.50%
California,San Jose,Other race alone,3193,0.30%
California,San Jose,American Indian alone,1810,0.20%
Texas,Austin,White alone,459261,48.50%
Texas,Austin,Hispanic,329484,34.80%
Texas,Austin,Black alone,69544,7.30%
Texas,Austin,Asian alone,65791,6.90%
Texas,Austin,Two or more races,20083,2.10%
Texas,Austin,American Indian alone,2032,0.20%
Texas,Austin,Other race alone,1656,0.20%
Florida,Jacksonville,White alone,460702,52.30%
Florida,Jacksonville,Black alone,266669,30.30%
Florida,Jacksonville,Hispanic,82358,9.40%
Florida,Jacksonville,Asian alone,38491,4.40%
Florida,Jacksonville,Two or more races,28236,3.20%
Florida,Jacksonville,Other race alone,2516,0.30%
Florida,Jacksonville,American Indian alone,1222,0.10%
Florida,Jacksonville,Native Hawaiian and OtherPacific Islander alone,429,0.05%
California,San Francisco,White alone,354018,40.70%
California,San Francisco,Asian alone,296324,34.00%
California,San Francisco,Hispanic,132538,15.20%
California,San Francisco,Black alone,41636,4.80%
California,San Francisco,Two or more races,38507,4.40%
California,San Francisco,Other race alone,3974,0.50%
California,San Francisco,American Indian alone,1923,0.20%
California,San Francisco,Native Hawaiian and OtherPacific Islander alone,1967,0.20%
Ohio,Columbus,White alone,486470,56.40%
Ohio,Columbus,Black alone,245915,28.50%
Ohio,Columbus,Hispanic,49750,5.80%
Ohio,Columbus,Asian alone,44463,5.20%
Ohio,Columbus,Two or more races,32124,3.70%
Ohio,Columbus,Other race alone,2214,0.30%
Ohio,Columbus,American Indian alone,1033,0.10%
Ohio,Columbus,Native Hawaiian and OtherPacific Islander alone,674,0.08%
Texas,Fort Worth,White alone,336691,39.30%
Texas,Fort Worth,Hispanic,297806,34.80%
Texas,Fort Worth,Black alone,159708,18.70%
Texas,Fort Worth,Asian alone,38093,4.50%
Texas,Fort Worth,Two or more races,21048,2.50%
Texas,Fort Worth,American Indian alone,1714,0.20%
Texas,Fort Worth,Native Hawaiian and OtherPacific Islander alone,454,0.05%
Texas,Fort Worth,Other race alone,383,0.04%
Indiana,Indianapolis,White alone,472696,55.40%
Indiana,Indianapolis,Black alone,236087,27.70%
Indiana,Indianapolis,Hispanic,89339,10.50%
Indiana,Indianapolis,Asian alone,25950,3.00%
Indiana,Indianapolis,Two or more races,23831,2.80%
Indiana,Indianapolis,Other race alone,2460,0.30%
Indiana,Indianapolis,American Indian alone,1924,0.20%
Indiana,Indianapolis,Native Hawaiian and OtherPacific Islander alone,219,0.03%
North Carolina,Charlotte,White alone,350932,41.70%
North Carolina,Charlotte,Black alone,296543,35.20%
North Carolina,Charlotte,Hispanic,115937,13.80%
North Carolina,Charlotte,Asian alone,53142,6.30%
North Carolina,Charlotte,Two or more races,18924,2.20%
North Carolina,Charlotte,Other race alone,3906,0.50%
North Carolina,Charlotte,American Indian alone,1859,0.20%
North Carolina,Charlotte,Native Hawaiian and OtherPacific Islander alone,786,0.09%
Washington,Seattle,White alone,453096,64.30%
Washington,Seattle,Asian alone,103759,14.70%
Washington,Seattle,Black alone,48802,6.90%
Washington,Seattle,Two or more races,46788,6.60%
Washington,Seattle,Hispanic,45194,6.40%
Washington,Seattle,American Indian alone,2293,0.30%
Washington,Seattle,Native Hawaiian and OtherPacific Islander alone,2004,0.30%
Washington,Seattle,Other race alone,2422,0.30%
Colorado,Denver,White alone,374372,54.00%
Colorado,Denver,Hispanic,209341,30.20%
Colorado,Denver,Black alone,63879,9.20%
Colorado,Denver,Asian alone,25346,3.70%
Colorado,Denver,Two or more races,15843,2.30%
Colorado,Denver,American Indian alone,3010,0.40%
Colorado,Denver,Other race alone,978,0.10%
Colorado,Denver,Native Hawaiian and OtherPacific Islander alone,291,0.04%
New York,New York,White alone,2715022,31.80%
New York,New York,Hispanic,2489090,29.20%
New York,New York,Black alone,1877084,22.00%
New York,New York,Asian alone,1195842,14.00%
New York,New York,Two or more races,168403,2.00%
New York,New York,Other race alone,74266,0.90%
New York,New York,American Indian alone,14579,0.20%
New York,New York,Native Hawaiian and OtherPacific Islander alone,3387,0.04%
California,Los Angeles,Hispanic,1944758,48.90%
California,Los Angeles,White alone,1133715,28.50%
California,Los Angeles,Asian alone,446561,11.20%
California,Los Angeles,Black alone,337134,8.50%
California,Los Angeles,Two or more races,85982,2.20%
California,Los Angeles,Other race alone,17186,0.40%
California,Los Angeles,American Indian alone,6419,0.20%
California,Los Angeles,Native Hawaiian and OtherPacific Islander alone,4569,0.10%
Illinois,Chicago,White alone,882354,32.60%
Illinois,Chicago,Hispanic,803476,29.70%
Illinois,Chicago,Black alone,793852,29.30%
Illinois,Chicago,Asian alone,170440,6.30%
Illinois,Chicago,Two or more races,46978,1.70%
Illinois,Chicago,Other race alone,4255,0.20%
Illinois,Chicago,American Indian alone,3027,0.10%
Illinois,Chicago,Native Hawaiian and OtherPacific Islander alone,583,0.02%
Texas,Houston,Hispanic,1031878,44.80%
Texas,Houston,White alone,556000,24.10%
Texas,Houston,Black alone,506566,22.00%
Texas,Houston,Asian alone,169558,7.40%
Texas,Houston,Two or more races,32123,1.40%
Texas,Houston,Other race alone,4910,0.20%
Texas,Houston,American Indian alone,2689,0.10%
Texas,Houston,Native Hawaiian and OtherPacific Islander alone,664,0.03%
Arizona,Phoenix,Hispanic,707092,43.80%
Arizona,Phoenix,White alone,680241,42.10%
Arizona,Phoenix,Black alone,101195,6.30%
Arizona,Phoenix,Asian alone,60581,3.80%
Arizona,Phoenix,Two or more races,36032,2.20%
Arizona,Phoenix,American Indian alone,23873,1.50%
Arizona,Phoenix,Native Hawaiian and OtherPacific Islander alone,2515,0.20%
Arizona,Phoenix,Other race alone,3512,0.20%
Pennsylvania,Philadelphia,Black alone,643763,41.10%
Pennsylvania,Philadelphia,White alone,543137,34.60%
Pennsylvania,Philadelphia,Hispanic,226320,14.40%
Pennsylvania,Philadelphia,Asian alone,109616,7.00%
Pennsylvania,Philadelphia,Two or more races,35501,2.30%
Pennsylvania,Philadelphia,Other race alone,5793,0.40%
Pennsylvania,Philadelphia,American Indian alone,3433,0.20%
Pennsylvania,Philadelphia,Native Hawaiian and OtherPacific Islander alone,309,0.02%
Texas,San Antonio,Hispanic,955499,64.00%
Texas,San Antonio,White alone,371519,24.90%
Texas,San Antonio,Black alone,102488,6.90%
Texas,San Antonio,Asian alone,40410,2.70%
Texas,San Antonio,Two or more races,18933,1.30%
Texas,San Antonio,American Indian alone,1697,0.10%
Texas,San Antonio,Other race alone,1675,0.10%
Texas,San Antonio,Native Hawaiian and OtherPacific Islander alone,273,0.02%
California,San Diego,White alone,602167,42.80%
California,San Diego,Hispanic,421965,30.00%
California,San Diego,Asian alone,236310,16.80%
California,San Diego,Black alone,86405,6.10%
California,San Diego,Two or more races,50895,3.60%
California,San Diego,Native Hawaiian and OtherPacific Islander alone,4907,0.30%
California,San Diego,American Indian alone,1958,0.10%
California,San Diego,Other race alone,2015,0.10%
Texas,Dallas,Hispanic,545183,41.40%
Texas,Dallas,White alone,378704,28.70%
Texas,Dallas,Black alone,321091,24.40%
Texas,Dallas,Asian alone,46401,3.50%
Texas,Dallas,Two or more races,22798,1.70%
Texas,Dallas,Other race alone,2736,0.20%
Texas,Dallas,American Indian alone,899,0.07%
Texas,Dallas,Native Hawaiian and OtherPacific Islander alone,130,0.01%
California,San Jose,Asian alone,355456,34.70%
California,San Jose,Hispanic,328979,32.10%
California,San Jose,White alone,269983,26.30%
California,San Jose,Two or more races,31387,3.10%
California,San Jose,Black alone,28963,2.80%
California,San Jose,Native Hawaiian and OtherPacific Islander alone,5602,0.50%
California,San Jose,Other race alone,3193,0.30%
California,San Jose,American Indian alone,1810,0.20%
Texas,Austin,White alone,459261,48.50%
Texas,Austin,Hispanic,329484,34.80%
Texas,Austin,Black alone,69544,7.30%
Texas,Austin,Asian alone,65791,6.90%
Texas,Austin,Two or more races,20083,2.10%
Texas,Austin,American Indian alone,2032,0.20%
Texas,Austin,Other race alone,1656,0.20%
Florida,Jacksonville,White alone,460702,52.30%
Florida,Jacksonville,Black alone,266669,30.30%
Florida,Jacksonville,Hispanic,82358,9.40%
Florida,Jacksonville,Asian alone,38491,4.40%
Florida,Jacksonville,Two or more races,28236,3.20%
Florida,Jacksonville,Other race alone,2516,0.30%
Florida,Jacksonville,American Indian alone,1222,0.10%
Florida,Jacksonville,Native Hawaiian and OtherPacific Islander alone,429,0.05%
California,San Francisco,White alone,354018,40.70%
California,San Francisco,Asian alone,296324,34.00%
California,San Francisco,Hispanic,132538,15.20%
California,San Francisco,Black alone,41636,4.80%
California,San Francisco,Two or more races,38507,4.40%
California,San Francisco,Other race alone,3974,0.50%
California,San Francisco,American Indian alone,1923,0.20%
California,San Francisco,Native Hawaiian and OtherPacific Islander alone,1967,0.20%
Ohio,Columbus,White alone,486470,56.40%
Ohio,Columbus,Black alone,245915,28.50%
Ohio,Columbus,Hispanic,49750,5.80%
Ohio,Columbus,Asian alone,44463,5.20%
Ohio,Columbus,Two or more races,32124,3.70%
Ohio,Columbus,Other race alone,2214,0.30%
Ohio,Columbus,American Indian alone,1033,0.10%
Ohio,Columbus,Native Hawaiian and OtherPacific Islander alone,674,0.08%
Texas,Fort Worth,White alone,336691,39.30%
Texas,Fort Worth,Hispanic,297806,34.80%
Texas,Fort Worth,Black alone,159708,18.70%
Texas,Fort Worth,Asian alone,38093,4.50%
Texas,Fort Worth,Two or more races,21048,2.50%
Texas,Fort Worth,American Indian alone,1714,0.20%
Texas,Fort Worth,Native Hawaiian and OtherPacific Islander alone,454,0.05%
Texas,Fort Worth,Other race alone,383,0.04%
Indiana,Indianapolis,White alone,472696,55.40%
Indiana,Indianapolis,Black alone,236087,27.70%
Indiana,Indianapolis,Hispanic,89339,10.50%
Indiana,Indianapolis,Asian alone,25950,3.00%
Indiana,Indianapolis,Two or more races,23831,2.80%
Indiana,Indianapolis,Other race alone,2460,0.30%
Indiana,Indianapolis,American Indian alone,1924,0.20%
Indiana,Indianapolis,Native Hawaiian and OtherPacific Islander alone,219,0.03%
North Carolina,Charlotte,White alone,350932,41.70%
North Carolina,Charlotte,Black alone,296543,35.20%
North Carolina,Charlotte,Hispanic,115937,13.80%
North Carolina,Charlotte,Asian alone,53142,6.30%
North Carolina,Charlotte,Two or more races,18924,2.20%
North Carolina,Charlotte,Other race alone,3906,0.50%
North Carolina,Charlotte,American Indian alone,1859,0.20%
North Carolina,Charlotte,Native Hawaiian and OtherPacific Islander alone,786,0.09%
Washington,Seattle,White alone,453096,64.30%
Washington,Seattle,Asian alone,103759,14.70%
Washington,Seattle,Black alone,48802,6.90%
Washington,Seattle,Two or more races,46788,6.60%
Washington,Seattle,Hispanic,45194,6.40%
Washington,Seattle,American Indian alone,2293,0.30%
Washington,Seattle,Native Hawaiian and OtherPacific Islander alone,2004,0.30%
Washington,Seattle,Other race alone,2422,0.30%
Colorado,Denver,White alone,374372,54.00%
Colorado,Denver,Hispanic,209341,30.20%
Colorado,Denver,Black alone,63879,9.20%
Colorado,Denver,Asian alone,25346,3.70%
Colorado,Denver,Two or more races,15843,2.30%
Colorado,Denver,American Indian alone,3010,0.40%
Colorado,Denver,Other race alone,978,0.10%
Colorado,Denver,Native Hawaiian and OtherPacific Islander alone,291,0.04%
Massachusetts,Boston,White alone,305641,45.40%
Massachusetts,Boston,Black alone,151986,22.60%
Massachusetts,Boston,Hispanic,128463,19.10%
Massachusetts,Boston,Asian alone,65295,9.70%
Massachusetts,Boston,Two or more races,16084,2.40%
Massachusetts,Boston,Other race alone,3600,0.50%
Massachusetts,Boston,American Indian alone,1519,0.20%
Massachusetts,Boston,Native Hawaiian and OtherPacific Islander alone,252,0.04%
Texas,El Paso,Hispanic,551555,80.70%
Texas,El Paso,White alone,89542,13.10%
Texas,El Paso,Black alone,24640,3.60%
Texas,El Paso,Asian alone,9561,1.40%
Texas,El Paso,Two or more races,5996,0.90%
Texas,El Paso,American Indian alone,1400,0.20%
Texas,El Paso,Native Hawaiian and OtherPacific Islander alone,299,0.04%
Texas,El Paso,Other race alone,95,0.01%
Michigan,Detroit,Black alone,529245,78.70%
Michigan,Detroit,White alone,68940,10.20%
Michigan,Detroit,Hispanic,47283,7.00%
Michigan,Detroit,Asian alone,12155,1.80%
Michigan,Detroit,Two or more races,9833,1.50%
Michigan,Detroit,Other race alone,3624,0.50%
Michigan,Detroit,American Indian alone,1680,0.20%
Michigan,Detroit,Native Hawaiian and OtherPacific Islander alone,69,0.01%
Massachusetts,Boston,White alone,305641,45.40%
Massachusetts,Boston,Black alone,151986,22.60%
Massachusetts,Boston,Hispanic,128463,19.10%
Massachusetts,Boston,Asian alone,65295,9.70%
Massachusetts,Boston,Two or more races,16084,2.40%
Massachusetts,Boston,Other race alone,3600,0.50%
Massachusetts,Boston,American Indian alone,1519,0.20%
Massachusetts,Boston,Native Hawaiian and OtherPacific Islander alone,252,0.04%
Texas,El Paso,Hispanic,551555,80.70%
Texas,El Paso,White alone,89542,13.10%
Texas,El Paso,Black alone,24640,3.60%
Texas,El Paso,Asian alone,9561,1.40%
Texas,El Paso,Two or more races,5996,0.90%
Texas,El Paso,American Indian alone,1400,0.20%
Texas,El Paso,Native Hawaiian and OtherPacific Islander alone,299,0.04%
Texas,El Paso,Other race alone,95,0.01%
Michigan,Detroit,Black alone,529245,78.70%
Michigan,Detroit,White alone,68940,10.20%
Michigan,Detroit,Hispanic,47283,7.00%
Michigan,Detroit,Asian alone,12155,1.80%
Michigan,Detroit,Two or more races,9833,1.50%
Michigan,Detroit,Other race alone,3624,0.50%
Michigan,Detroit,American Indian alone,1680,0.20%
Michigan,Detroit,Native Hawaiian and OtherPacific Islander alone,69,0.01%
Tennessee,Memphis,Black alone,420273,64.40%
Tennessee,Memphis,White alone,165658,25.40%
Tennessee,Memphis,Hispanic,46198,7.10%
Tennessee,Memphis,Asian alone,10394,1.60%
Tennessee,Memphis,Two or more races,7684,1.20%
Tennessee,Memphis,Other race alone,1947,0.30%
Tennessee,Memphis,American Indian alone,500,0.08%
Tennessee,Memphis,Native Hawaiian and OtherPacific Islander alone,98,0.02%
Oregon,Portland,White alone,450293,70.40%
Oregon,Portland,Hispanic,65054,10.20%
Oregon,Portland,Asian alone,48391,7.60%
Oregon,Portland,Black alone,37365,5.80%
Oregon,Portland,Two or more races,30353,4.70%
Oregon,Portland,Native Hawaiian and OtherPacific Islander alone,3669,0.60%
Oregon,Portland,American Indian alone,3014,0.50%
Oregon,Portland,Other race alone,1496,0.20%
Nevada,Las Vegas,White alone,279639,44.20%
Nevada,Las Vegas,Hispanic,203050,32.10%
Nevada,Las Vegas,Black alone,82962,13.10%
Nevada,Las Vegas,Asian alone,38843,6.10%
Nevada,Las Vegas,Two or more races,22724,3.60%
Nevada,Las Vegas,Native Hawaiian and OtherPacific Islander alone,3088,0.50%
Nevada,Las Vegas,American Indian alone,1162,0.20%
Nevada,Las Vegas,Other race alone,1448,0.20%
Kentucky,Louisville,White alone,158651,61.90%
Kentucky,Louisville,Black alone,84011,32.80%
Kentucky,Louisville,Hispanic,4755,1.90%
Kentucky,Louisville,Two or more races,3923,1.50%
Kentucky,Louisville,Asian alone,3676,1.40%
Kentucky,Louisville,American Indian alone,549,0.20%
Kentucky,Louisville,Other race alone,565,0.20%
Kentucky,Louisville,Native Hawaiian and OtherPacific Islander alone,101,0.04%
Maryland,Baltimore,Black alone,380792,62.00%
Maryland,Baltimore,White alone,168989,27.50%
Maryland,Baltimore,Hispanic,31144,5.10%
Maryland,Baltimore,Asian alone,15062,2.50%
Maryland,Baltimore,Two or more races,13317,2.20%
Maryland,Baltimore,Other race alone,3042,0.50%
Maryland,Baltimore,American Indian alone,1714,0.30%
Maryland,Baltimore,Native Hawaiian and OtherPacific Islander alone,604,0.10%
Wisconsin,Milwaukee,Black alone,227358,38.20%
Wisconsin,Milwaukee,White alone,211118,35.50%
Wisconsin,Milwaukee,Hispanic,111036,18.70%
Wisconsin,Milwaukee,Asian alone,26195,4.40%
Wisconsin,Milwaukee,Two or more races,17086,2.90%
Wisconsin,Milwaukee,American Indian alone,1901,0.30%
Wisconsin,Milwaukee,Other race alone,376,0.06%
New Mexico,Albuquerque,Hispanic,266418,47.60%
New Mexico,Albuquerque,White alone,226405,40.50%
New Mexico,Albuquerque,American Indian alone,23493,4.20%
New Mexico,Albuquerque,Black alone,15858,2.80%
New Mexico,Albuquerque,Asian alone,15612,2.80%
New Mexico,Albuquerque,Two or more races,9416,1.70%
New Mexico,Albuquerque,Other race alone,1570,0.30%
New Mexico,Albuquerque,Native Hawaiian and OtherPacific Islander alone,498,0.09%
Arizona,Tucson,White alone,238607,45.00%
Arizona,Tucson,Hispanic,229873,43.30%
Arizona,Tucson,Black alone,24779,4.70%
Arizona,Tucson,Asian alone,15500,2.90%
Arizona,Tucson,Two or more races,12769,2.40%
Arizona,Tucson,American Indian alone,8201,1.50%
Arizona,Tucson,Other race alone,620,0.10%
Arizona,Tucson,Native Hawaiian and OtherPacific Islander alone,341,0.06%
California,Fresno,Hispanic,257459,49.30%
California,Fresno,White alone,138813,26.60%
California,Fresno,Asian alone,75239,14.40%
California,Fresno,Black alone,37772,7.20%
California,Fresno,Two or more races,9939,1.90%
California,Fresno,American Indian alone,2150,0.40%
California,Fresno,Native Hawaiian and OtherPacific Islander alone,561,0.10%
California,Fresno,Other race alone,88,0.02%
California,Sacramento,White alone,165596,33.40%
California,Sacramento,Hispanic,141551,28.60%
California,Sacramento,Asian alone,89327,18.00%
California,Sacramento,Black alone,64178,13.00%
California,Sacramento,Two or more races,21289,4.30%
California,Sacramento,Native Hawaiian and OtherPacific Islander alone,7963,1.60%
California,Sacramento,Other race alone,3295,0.70%
California,Sacramento,American Indian alone,2001,0.40%
Arizona,Mesa,White alone,297922,61.50%
Arizona,Mesa,Hispanic,130641,27.00%
Arizona,Mesa,Black alone,17660,3.60%
Arizona,Mesa,American Indian alone,14542,3.00%
Arizona,Mesa,Two or more races,11134,2.30%
Arizona,Mesa,Asian alone,9564,2.00%
Arizona,Mesa,Native Hawaiian and OtherPacific Islander alone,2843,0.60%
Arizona,Mesa,Other race alone,316,0.07%
Georgia,Atlanta,Black alone,237590,50.30%
Georgia,Atlanta,White alone,178077,37.70%
Georgia,Atlanta,Hispanic,23098,4.90%
Georgia,Atlanta,Asian alone,20253,4.30%
Georgia,Atlanta,Two or more races,11886,2.50%
Georgia,Atlanta,American Indian alone,951,0.20%
Georgia,Atlanta,Other race alone,481,0.10%
Georgia,Atlanta,Native Hawaiian and OtherPacific Islander alone,170,0.04%
California,Long Beach,Hispanic,209148,44.50%
California,Long Beach,White alone,122674,26.10%
California,Long Beach,Asian alone,57899,12.30%
California,Long Beach,Black alone,56211,12.00%
California,Long Beach,Two or more races,17471,3.70%
California,Long Beach,Native Hawaiian and OtherPacific Islander alone,4109,0.90%
California,Long Beach,American Indian alone,2013,0.40%
California,Long Beach,Other race alone,615,0.10%
Nebraska,Omaha,White alone,298609,66.80%
Nebraska,Omaha,Hispanic,62336,13.90%
Nebraska,Omaha,Black alone,54027,12.10%
Nebraska,Omaha,Asian alone,16482,3.70%
Nebraska,Omaha,Two or more races,13612,3.00%
Nebraska,Omaha,American Indian alone,1278,0.30%
Nebraska,Omaha,Other race alone,328,0.07%
Nebraska,Omaha,Native Hawaiian and OtherPacific Islander alone,284,0.06%
North Carolina,Raleigh,White alone,248601,54.20%
North Carolina,Raleigh,Black alone,130478,28.40%
North Carolina,Raleigh,Hispanic,46649,10.20%
North Carolina,Raleigh,Asian alone,21468,4.70%
North Carolina,Raleigh,Two or more races,10157,2.20%
North Carolina,Raleigh,American Indian alone,1123,0.20%
North Carolina,Raleigh,Other race alone,299,0.07%
North Carolina,Raleigh,Native Hawaiian and OtherPacific Islander alone,87,0.02%
Colorado,Colorado Springs,White alone,321684,69.20%
Colorado,Colorado Springs,Hispanic,81164,17.50%
Colorado,Colorado Springs,Black alone,29366,6.30%
Colorado,Colorado Springs,Two or more races,18202,3.90%
Colorado,Colorado Springs,Asian alone,12170,2.60%
Colorado,Colorado Springs,Native Hawaiian and OtherPacific Islander alone,1261,0.30%
Colorado,Colorado Springs,American Indian alone,854,0.20%
Colorado,Colorado Springs,Other race alone,383,0.08%
Florida,Miami,Hispanic,333870,73.60%
Florida,Miami,Black alone,60535,13.30%
Florida,Miami,White alone,53166,11.70%
Florida,Miami,Asian alone,3761,0.80%
Florida,Miami,Two or more races,1092,0.20%
Florida,Miami,American Indian alone,569,0.10%
Florida,Miami,Other race alone,591,0.10%
Virginia,Virginia Beach,White alone,280295,61.90%
Virginia,Virginia Beach,Black alone,81376,18.00%
Virginia,Virginia Beach,Hispanic,36435,8.10%
Virginia,Virginia Beach,Asian alone,29738,6.60%
Virginia,Virginia Beach,Two or more races,23159,5.10%
Virginia,Virginia Beach,American Indian alone,790,0.20%
Virginia,Virginia Beach,Other race alone,634,0.10%
Virginia,Virginia Beach,Native Hawaiian and OtherPacific Islander alone,175,0.04%
California,Oakland,White alone,116230,27.70%
California,Oakland,Hispanic,109762,26.10%
California,Oakland,Black alone,96981,23.10%
California,Oakland,Asian alone,67535,16.10%
California,Oakland,Two or more races,23791,5.70%
California,Oakland,Native Hawaiian and OtherPacific Islander alone,2156,0.50%
California,Oakland,American Indian alone,1716,0.40%
California,Oakland,Other race alone,1816,0.40%
Minnesota,Minneapolis,White alone,253018,61.20%
Minnesota,Minneapolis,Black alone,73553,17.80%
Minnesota,Minneapolis,Hispanic,36435,8.80%
Minnesota,Minneapolis,Asian alone,27303,6.60%
Minnesota,Minneapolis,Two or more races,18124,4.40%
Minnesota,Minneapolis,American Indian alone,4771,1.20%
Minnesota,Minneapolis,Other race alone,402,0.10%
Minnesota,Minneapolis,Native Hawaiian and OtherPacific Islander alone,39,0.01%
Oklahoma,Tulsa,White alone,220511,54.60%
Oklahoma,Tulsa,Hispanic,64978,16.10%
Oklahoma,Tulsa,Black alone,60268,14.90%
Oklahoma,Tulsa,Two or more races,28306,7.00%
Oklahoma,Tulsa,American Indian alone,15783,3.90%
Oklahoma,Tulsa,Asian alone,12752,3.20%
Oklahoma,Tulsa,Other race alone,745,0.20%
Oklahoma,Tulsa,Native Hawaiian and OtherPacific Islander alone,279,0.07%
Texas,Arlington,White alone,156158,39.80%
Texas,Arlington,Hispanic,116472,29.70%
Texas,Arlington,Black alone,83328,21.20%
Texas,Arlington,Asian alone,23322,5.90%
Texas,Arlington,Two or more races,9791,2.50%
Texas,Arlington,American Indian alone,1548,0.40%
Texas,Arlington,Other race alone,1226,0.30%
Texas,Arlington,Native Hawaiian and OtherPacific Islander alone,942,0.20%
Louisiana,New Orleans,Black alone,230062,58.80%
Louisiana,New Orleans,White alone,120417,30.80%
Louisiana,New Orleans,Hispanic,21930,5.60%
Louisiana,New Orleans,Asian alone,11690,3.00%
Louisiana,New Orleans,Two or more races,5711,1.50%
Louisiana,New Orleans,Other race alone,1412,0.40%
Louisiana,New Orleans,American Indian alone,208,0.05%
Louisiana,New Orleans,Native Hawaiian and OtherPacific Islander alone,65,0.02%
Kansas,Wichita,White alone,246199,63.10%
Kansas,Wichita,Hispanic,65881,16.90%
Kansas,Wichita,Black alone,39684,10.20%
Kansas,Wichita,Asian alone,18866,4.80%
Kansas,Wichita,Two or more races,16929,4.30%
Kansas,Wichita,American Indian alone,2209,0.60%
Kansas,Wichita,Other race alone,159,0.04%
Ohio,Cleveland,Black alone,189307,49.10%
Ohio,Cleveland,White alone,133189,34.50%
Ohio,Cleveland,Hispanic,42395,11.00%
Ohio,Cleveland,Two or more races,10794,2.80%
Ohio,Cleveland,Asian alone,8047,2.10%
Ohio,Cleveland,American Indian alone,1036,0.30%
Ohio,Cleveland,Other race alone,907,0.20%
Ohio,Cleveland,Native Hawaiian and OtherPacific Islander alone,135,0.03%
Florida,Tampa,White alone,167342,44.40%
Florida,Tampa,Hispanic,91218,24.20%
Florida,Tampa,Black alone,88889,23.60%
Florida,Tampa,Asian alone,18348,4.90%
Florida,Tampa,Two or more races,8653,2.30%
Florida,Tampa,Other race alone,1778,0.50%
Florida,Tampa,American Indian alone,732,0.20%
Florida,Tampa,Native Hawaiian and OtherPacific Islander alone,212,0.06%
California,Bakersfield,Hispanic,190052,50.50%
California,Bakersfield,White alone,122481,32.50%
California,Bakersfield,Asian alone,30217,8.00%
California,Bakersfield,Black alone,22440,6.00%
California,Bakersfield,Two or more races,8805,2.30%
California,Bakersfield,American Indian alone,772,0.20%
California,Bakersfield,Native Hawaiian and OtherPacific Islander alone,864,0.20%
California,Bakersfield,Other race alone,740,0.20%
Colorado,Aurora,White alone,167768,46.30%
Colorado,Aurora,Hispanic,103959,28.70%
Colorado,Aurora,Black alone,53264,14.70%
Colorado,Aurora,Asian alone,22089,6.10%
Colorado,Aurora,Two or more races,11202,3.10%
Colorado,Aurora,American Indian alone,1665,0.50%
Colorado,Aurora,Native Hawaiian and OtherPacific Islander alone,1476,0.40%
Colorado,Aurora,Other race alone,826,0.20%
California,Anaheim,Hispanic,191860,54.70%
California,Anaheim,White alone,84852,24.20%
California,Anaheim,Asian alone,56957,16.20%
California,Anaheim,Black alone,7746,2.20%
California,Anaheim,Two or more races,6732,1.90%
California,Anaheim,Native Hawaiian and OtherPacific Islander alone,1603,0.50%
California,Anaheim,American Indian alone,1159,0.30%
California,Anaheim,Other race alone,157,0.04%
Hawaii,Honolulu,Asian alone,205563,55.30%
Hawaii,Honolulu,White alone,69503,18.70%
Hawaii,Honolulu,Two or more races,48773,13.10%
Hawaii,Honolulu,Native Hawaiian and OtherPacific Islander alone,24739,6.70%
Hawaii,Honolulu,Hispanic,16229,4.40%
Hawaii,Honolulu,Black alone,5706,1.50%
Hawaii,Honolulu,Other race alone,644,0.20%
Hawaii,Honolulu,American Indian alone,500,0.10%
California,Santa Ana,Hispanic,258255,77.30%
California,Santa Ana,Asian alone,39466,11.80%
California,Santa Ana,White alone,30879,9.20%
California,Santa Ana,Black alone,2489,0.70%
California,Santa Ana,Two or more races,2271,0.70%
California,Santa Ana,American Indian alone,445,0.10%
California,Santa Ana,Native Hawaiian and OtherPacific Islander alone,255,0.08%
California,Santa Ana,Other race alone,176,0.05%
California,Riverside,Hispanic,165764,51.00%
California,Riverside,White alone,107016,33.00%
California,Riverside,Black alone,21220,6.50%
California,Riverside,Asian alone,19596,6.00%
California,Riverside,Two or more races,8845,2.70%
California,Riverside,Other race alone,1512,0.50%
California,Riverside,American Indian alone,650,0.20%
California,Riverside,Native Hawaiian and OtherPacific Islander alone,124,0.04%
Texas,Corpus Christi,Hispanic,206819,63.50%
Texas,Corpus Christi,White alone,94465,29.00%
Texas,Corpus Christi,Black alone,14143,4.30%
Texas,Corpus Christi,Asian alone,6492,2.00%
Texas,Corpus Christi,Two or more races,2984,0.90%
Texas,Corpus Christi,American Indian alone,620,0.20%
Texas,Corpus Christi,Native Hawaiian and OtherPacific Islander alone,211,0.06%
California,Stockton,Hispanic,125622,40.90%
California,Stockton,Asian alone,64680,21.10%
California,Stockton,White alone,64173,20.90%
California,Stockton,Black alone,38242,12.50%
California,Stockton,Two or more races,11001,3.60%
California,Stockton,Native Hawaiian and OtherPacific Islander alone,2091,0.70%
California,Stockton,American Indian alone,975,0.30%
California,Stockton,Other race alone,273,0.09%
Missouri,St. Louis,Black alone,145393,46.70%
Missouri,St. Louis,White alone,135384,43.50%
Missouri,St. Louis,Hispanic,12547,4.00%
Missouri,St. Louis,Asian alone,10166,3.30%
Missouri,St. Louis,Two or more races,5892,1.90%
Missouri,St. Louis,Other race alone,1248,0.40%
Missouri,St. Louis,American Indian alone,714,0.20%
Missouri,St. Louis,Native Hawaiian and OtherPacific Islander alone,60,0.02%
Nevada,Henderson,White alone,197349,67.40%
Nevada,Henderson,Hispanic,46693,15.90%
Nevada,Henderson,Asian alone,19727,6.70%
Nevada,Henderson,Black alone,15249,5.20%
Nevada,Henderson,Two or more races,9668,3.30%
Nevada,Henderson,Native Hawaiian and OtherPacific Islander alone,2494,0.90%
Nevada,Henderson,American Indian alone,1411,0.50%
Nevada,Henderson,Other race alone,386,0.10%
Pennsylvania,Pittsburgh,White alone,198820,65.50%
Pennsylvania,Pittsburgh,Black alone,68184,22.50%
Pennsylvania,Pittsburgh,Asian alone,16963,5.60%
Pennsylvania,Pittsburgh,Two or more races,10168,3.30%
Pennsylvania,Pittsburgh,Hispanic,8450,2.80%
Pennsylvania,Pittsburgh,Other race alone,809,0.30%
Pennsylvania,Pittsburgh,American Indian alone,148,0.05%
Pennsylvania,Pittsburgh,Native Hawaiian and OtherPacific Islander alone,82,0.03%
Ohio,Cincinnati,White alone,146472,49.00%
Ohio,Cincinnati,Black alone,123082,41.20%
Ohio,Cincinnati,Hispanic,12580,4.20%
Ohio,Cincinnati,Two or more races,10628,3.60%
Ohio,Cincinnati,Asian alone,5095,1.70%
Ohio,Cincinnati,Other race alone,942,0.30%
Alaska,Anchorage,White alone,174472,58.50%
Alaska,Anchorage,Hispanic,26907,9.00%
Alaska,Anchorage,Asian alone,26187,8.80%
Alaska,Anchorage,Two or more races,25375,8.50%
Alaska,Anchorage,American Indian alone,21923,7.40%
Alaska,Anchorage,Black alone,14891,5.00%
Alaska,Anchorage,Native Hawaiian and OtherPacific Islander alone,7669,2.60%
Alaska,Anchorage,Other race alone,768,0.30%
North Carolina,Greensboro,White alone,127986,44.60%
North Carolina,Greensboro,Black alone,114175,39.80%
North Carolina,Greensboro,Hispanic,21843,7.60%
North Carolina,Greensboro,Asian alone,14430,5.00%
North Carolina,Greensboro,Two or more races,6875,2.40%
North Carolina,Greensboro,American Indian alone,1009,0.40%
North Carolina,Greensboro,Other race alone,653,0.20%
North Carolina,Greensboro,Native Hawaiian and OtherPacific Islander alone,48,0.02%
Texas,Plano,White alone,149913,52.40%
Texas,Plano,Asian alone,52396,18.30%
Texas,Plano,Hispanic,44432,15.50%
Texas,Plano,Black alone,30299,10.60%
Texas,Plano,Two or more races,7486,2.60%
Texas,Plano,American Indian alone,503,0.20%
Texas,Plano,Native Hawaiian and OtherPacific Islander alone,495,0.20%
Texas,Plano,Other race alone,523,0.20%
New Jersey,Newark,Black alone,137244,48.70%
New Jersey,Newark,Hispanic,97018,34.40%
New Jersey,Newark,White alone,36498,13.00%
New Jersey,Newark,Asian alone,5498,2.00%
New Jersey,Newark,Other race alone,3081,1.10%
New Jersey,Newark,Two or more races,2232,0.80%
New Jersey,Newark,American Indian alone,199,0.07%
Nebraska,Lincoln,White alone,224876,80.20%
Nebraska,Lincoln,Hispanic,20703,7.40%
Nebraska,Lincoln,Asian alone,12093,4.30%
Nebraska,Lincoln,Black alone,11382,4.10%
Nebraska,Lincoln,Two or more races,9012,3.20%
Nebraska,Lincoln,American Indian alone,1753,0.60%
Nebraska,Lincoln,Other race alone,547,0.20%
Florida,Orlando,White alone,105217,38.00%
Florida,Orlando,Hispanic,83853,30.30%
Florida,Orlando,Black alone,65136,23.50%
Florida,Orlando,Asian alone,16385,5.90%
Florida,Orlando,Two or more races,5031,1.80%
Florida,Orlando,Other race alone,1344,0.50%
Florida,Orlando,American Indian alone,232,0.08%
California,Irvine,Asian alone,114639,43.10%
California,Irvine,White alone,106029,39.80%
California,Irvine,Hispanic,30298,11.40%
California,Irvine,Two or more races,10742,4.00%
California,Irvine,Black alone,2662,1.00%
California,Irvine,Native Hawaiian and OtherPacific Islander alone,1280,0.50%
California,Irvine,Other race alone,388,0.10%
California,Irvine,American Indian alone,79,0.03%
Ohio,Toledo,White alone,164382,59.00%
Ohio,Toledo,Black alone,75553,27.10%
Ohio,Toledo,Hispanic,24544,8.80%
Ohio,Toledo,Two or more races,9891,3.60%
Ohio,Toledo,Asian alone,2656,1.00%
Ohio,Toledo,Other race alone,793,0.30%
Ohio,Toledo,American Indian alone,547,0.20%
Ohio,Toledo,Native Hawaiian and OtherPacific Islander alone,146,0.05%
California,Chula Vista,Hispanic,159153,59.60%
California,Chula Vista,White alone,50428,18.90%
California,Chula Vista,Asian alone,38855,14.50%
California,Chula Vista,Two or more races,9532,3.60%
California,Chula Vista,Black alone,7117,2.70%
California,Chula Vista,Native Hawaiian and OtherPacific Islander alone,1632,0.60%
California,Chula Vista,Other race alone,371,0.10%
California,Chula Vista,American Indian alone,81,0.03%
North Carolina,Durham,White alone,103678,39.40%
North Carolina,Durham,Black alone,99633,37.90%
North Carolina,Durham,Hispanic,37572,14.30%
North Carolina,Durham,Asian alone,13885,5.30%
North Carolina,Durham,Two or more races,7194,2.70%
North Carolina,Durham,American Indian alone,392,0.10%
North Carolina,Durham,Native Hawaiian and OtherPacific Islander alone,267,0.10%
North Carolina,Durham,Other race alone,368,0.10%
Indiana,Fort Wayne,White alone,177523,67.90%
Indiana,Fort Wayne,Black alone,38608,14.80%
Indiana,Fort Wayne,Hispanic,24849,9.50%
Indiana,Fort Wayne,Asian alone,11820,4.50%
Indiana,Fort Wayne,Two or more races,8261,3.20%
Indiana,Fort Wayne,American Indian alone,176,0.07%
Indiana,Fort Wayne,Native Hawaiian and OtherPacific Islander alone,55,0.02%
Indiana,Fort Wayne,Other race alone,50,0.02%
Florida,St. Petersburg,White alone,164230,62.90%
Florida,St. Petersburg,Black alone,57237,21.90%
Florida,St. Petersburg,Hispanic,21481,8.20%
Florida,St. Petersburg,Asian alone,9646,3.70%
Florida,St. Petersburg,Two or more races,6535,2.50%
Florida,St. Petersburg,Other race alone,1473,0.60%
Florida,St. Petersburg,American Indian alone,361,0.10%
Florida,St. Petersburg,Native Hawaiian and OtherPacific Islander alone,28,0.01%
Texas,Laredo,Hispanic,250877,96.40%
Texas,Laredo,White alone,8984,3.50%
Texas,Laredo,Asian alone,1530,0.60%
Texas,Laredo,Black alone,742,0.30%
Texas,Laredo,Two or more races,310,0.10%
Texas,Laredo,Other race alone,204,0.08%
Texas,Laredo,American Indian alone,163,0.06%
Texas,Laredo,Native Hawaiian and OtherPacific Islander alone,23,0.01%
New York,Buffalo,White alone,111102,43.20%
New York,Buffalo,Black alone,93100,36.20%
New York,Buffalo,Hispanic,27604,10.70%
New York,Buffalo,Asian alone,16518,6.40%
New York,Buffalo,Two or more races,6948,2.70%
New York,Buffalo,American Indian alone,1065,0.40%
New York,Buffalo,Other race alone,331,0.10%
New York,Buffalo,Native Hawaiian and OtherPacific Islander alone,240,0.09%
Wisconsin,Madison,White alone,189971,75.20%
Wisconsin,Madison,Asian alone,22813,9.00%
Wisconsin,Madison,Black alone,15449,6.10%
Wisconsin,Madison,Hispanic,14877,5.90%
Wisconsin,Madison,Two or more races,7802,3.10%
Wisconsin,Madison,American Indian alone,1153,0.50%
Wisconsin,Madison,Other race alone,294,0.10%
Wisconsin,Madison,Native Hawaiian and OtherPacific Islander alone,198,0.08%
Texas,Lubbock,White alone,132239,52.40%
Texas,Lubbock,Hispanic,89497,35.40%
Texas,Lubbock,Black alone,19748,7.80%
Texas,Lubbock,Asian alone,5046,2.00%
Texas,Lubbock,Two or more races,3882,1.50%
Texas,Lubbock,Native Hawaiian and OtherPacific Islander alone,1000,0.40%
Texas,Lubbock,American Indian alone,877,0.30%
Texas,Lubbock,Other race alone,225,0.09%
Arizona,Chandler,White alone,152420,61.60%
Arizona,Chandler,Hispanic,50515,20.40%
Arizona,Chandler,Asian alone,21112,8.50%
Arizona,Chandler,Black alone,12370,5.00%
Arizona,Chandler,Two or more races,6718,2.70%
Arizona,Chandler,American Indian alone,3781,1.50%
Arizona,Chandler,Other race alone,450,0.20%
Arizona,Chandler,Native Hawaiian and OtherPacific Islander alone,93,0.04%
Arizona,Scottsdale,White alone,203811,82.60%
Arizona,Scottsdale,Hispanic,24068,9.80%
Arizona,Scottsdale,Asian alone,10985,4.50%
Arizona,Scottsdale,Two or more races,4069,1.60%
Arizona,Scottsdale,Black alone,2391,1.00%
Arizona,Scottsdale,American Indian alone,1121,0.50%
Arizona,Scottsdale,Other race alone,125,0.05%
Arizona,Scottsdale,Native Hawaiian and OtherPacific Islander alone,76,0.03%
Nevada,Reno,White alone,148244,60.40%
Nevada,Reno,Hispanic,62777,25.60%
Nevada,Reno,Asian alone,15108,6.20%
Nevada,Reno,Two or more races,8009,3.30%
Nevada,Reno,Black alone,6519,2.70%
Nevada,Reno,American Indian alone,2716,1.10%
Nevada,Reno,Native Hawaiian and OtherPacific Islander alone,1637,0.70%
Nevada,Reno,Other race alone,241,0.10%
Arizona,Glendale,White alone,116887,47.50%
Arizona,Glendale,Hispanic,90872,37.00%
Arizona,Glendale,Black alone,18242,7.40%
Arizona,Glendale,Asian alone,9113,3.70%
Arizona,Glendale,Two or more races,7006,2.80%
Arizona,Glendale,American Indian alone,3473,1.40%
Arizona,Glendale,Other race alone,256,0.10%
Virginia,Norfolk,White alone,106782,43.60%
Virginia,Norfolk,Black alone,99842,40.70%
Virginia,Norfolk,Hispanic,19021,7.80%
Virginia,Norfolk,Asian alone,9265,3.80%
Virginia,Norfolk,Two or more races,7956,3.20%
Virginia,Norfolk,Other race alone,1385,0.60%
Virginia,Norfolk,American Indian alone,656,0.30%
Virginia,Norfolk,Native Hawaiian and OtherPacific Islander alone,208,0.08%
Nevada,North Las Vegas,Hispanic,97234,40.70%
Nevada,North Las Vegas,White alone,71630,30.00%
Nevada,North Las Vegas,Black alone,43947,18.40%
Nevada,North Las Vegas,Asian alone,14468,6.10%
Nevada,North Las Vegas,Two or more races,7895,3.30%
Nevada,North Las Vegas,Native Hawaiian and OtherPacific Islander alone,1632,0.70%
Nevada,North Las Vegas,American Indian alone,1515,0.60%
Nevada,North Las Vegas,Other race alone,368,0.20%
Arizona,Gilbert,White alone,168379,71.00%
Arizona,Gilbert,Hispanic,37277,15.70%
Arizona,Gilbert,Asian alone,12186,5.10%
Arizona,Gilbert,Black alone,9225,3.90%
Arizona,Gilbert,Two or more races,7502,3.20%
Arizona,Gilbert,American Indian alone,1108,0.50%
Arizona,Gilbert,Native Hawaiian and OtherPacific Islander alone,945,0.40%
Arizona,Gilbert,Other race alone,498,0.20%
Virginia,Chesapeake,White alone,137089,58.10%
Virginia,Chesapeake,Black alone,68569,29.00%
Virginia,Chesapeake,Hispanic,12896,5.50%
Virginia,Chesapeake,Asian alone,7866,3.30%
Virginia,Chesapeake,Two or more races,7555,3.20%
Virginia,Chesapeake,Other race alone,663,0.30%
Virginia,Chesapeake,American Indian alone,512,0.20%
Virginia,Chesapeake,Native Hawaiian and OtherPacific Islander alone,307,0.10%
Texas,Irving,Hispanic,103738,43.50%
Texas,Irving,White alone,51704,21.70%
Texas,Irving,Asian alone,46029,19.30%
Texas,Irving,Black alone,30971,13.00%
Texas,Irving,Two or more races,4396,1.80%
Texas,Irving,American Indian alone,833,0.30%
Texas,Irving,Native Hawaiian and OtherPacific Islander alone,443,0.20%
Texas,Irving,Other race alone,170,0.07%
Florida,Hialeah,Hispanic,235202,98.00%
Florida,Hialeah,White alone,6178,2.60%
Florida,Hialeah,Black alone,1275,0.50%
Florida,Hialeah,Asian alone,694,0.30%
Florida,Hialeah,Other race alone,208,0.09%
Florida,Hialeah,Two or more races,202,0.08%
Florida,Hialeah,American Indian alone,44,0.02%
Florida,Hialeah,Native Hawaiian and OtherPacific Islander alone,30,0.01%
Texas,Garland,Hispanic,102938,43.90%
Texas,Garland,White alone,68758,29.30%
Texas,Garland,Black alone,34545,14.70%
Texas,Garland,Asian alone,23965,10.20%
Texas,Garland,Two or more races,3748,1.60%
Texas,Garland,Other race alone,419,0.20%
Texas,Garland,American Indian alone,215,0.09%
California,Fremont,Asian alone,135580,58.20%
California,Fremont,White alone,46086,19.80%
California,Fremont,Hispanic,31895,13.70%
California,Fremont,Black alone,8747,3.80%
California,Fremont,Two or more races,7329,3.10%
California,Fremont,Native Hawaiian and OtherPacific Islander alone,2212,0.90%
California,Fremont,Other race alone,870,0.40%
California,Fremont,American Indian alone,426,0.20%
Virginia,Richmond,Black alone,104340,46.80%
Virginia,Richmond,White alone,90473,40.50%
Virginia,Richmond,Hispanic,14514,6.50%
Virginia,Richmond,Two or more races,8019,3.60%
Virginia,Richmond,Asian alone,4903,2.20%
Virginia,Richmond,American Indian alone,561,0.30%
Virginia,Richmond,Other race alone,333,0.10%
Virginia,Richmond,Native Hawaiian and OtherPacific Islander alone,27,0.01%
Louisiana,Baton Rouge,Black alone,127221,55.20%
Louisiana,Baton Rouge,White alone,83713,36.30%
Louisiana,Baton Rouge,Asian alone,8127,3.50%
Louisiana,Baton Rouge,Hispanic,7436,3.20%
Louisiana,Baton Rouge,Two or more races,3429,1.50%
Louisiana,Baton Rouge,American Indian alone,442,0.20%
Louisiana,Baton Rouge,Other race alone,511,0.20%
Louisiana,Baton Rouge,Native Hawaiian and OtherPacific Islander alone,12,0.01%
Iowa,Des Moines,White alone,142525,66.20%
Iowa,Des Moines,Hispanic,28838,13.40%
Iowa,Des Moines,Black alone,23184,10.80%
Iowa,Des Moines,Asian alone,13071,6.10%
Iowa,Des Moines,Two or more races,7074,3.30%
Iowa,Des Moines,American Indian alone,299,0.10%
Iowa,Des Moines,Other race alone,266,0.10%
Iowa,Des Moines,Native Hawaiian and OtherPacific Islander alone,71,0.03%
Washington,Spokane,White alone,174820,80.90%
Washington,Spokane,Hispanic,14467,6.70%
Washington,Spokane,Two or more races,11206,5.20%
Washington,Spokane,Asian alone,6186,2.90%
Washington,Spokane,American Indian alone,3651,1.70%
Washington,Spokane,Black alone,3337,1.50%
Washington,Spokane,Native Hawaiian and OtherPacific Islander alone,2166,1.00%
Washington,Spokane,Other race alone,131,0.06%
California,San Bernardino,Hispanic,141827,65.60%
California,San Bernardino,Black alone,30571,14.10%
California,San Bernardino,White alone,28540,13.20%
California,San Bernardino,Asian alone,9479,4.40%
California,San Bernardino,Two or more races,4828,2.20%
California,San Bernardino,American Indian alone,522,0.20%
California,San Bernardino,Native Hawaiian and OtherPacific Islander alone,206,0.10%
California,San Bernardino,Other race alone,269,0.10%
California,Modesto,White alone,95686,45.10%
California,Modesto,Hispanic,84262,39.70%
California,Modesto,Asian alone,14726,6.90%
California,Modesto,Black alone,9127,4.30%
California,Modesto,Two or more races,6116,2.90%
California,Modesto,Native Hawaiian and OtherPacific Islander alone,1251,0.60%
California,Modesto,American Indian alone,727,0.30%
California,Modesto,Other race alone,277,0.10%
Washington,Tacoma,White alone,119588,56.60%
Washington,Tacoma,Hispanic,25811,12.20%
Washington,Tacoma,Black alone,21501,10.20%
Washington,Tacoma,Asian alone,20822,9.90%
Washington,Tacoma,Two or more races,18084,8.60%
Washington,Tacoma,American Indian alone,2835,1.30%
Washington,Tacoma,Native Hawaiian and OtherPacific Islander alone,2002,0.90%
Washington,Tacoma,Other race alone,661,0.30%
California,Fontana,Hispanic,145254,69.30%
California,Fontana,White alone,32312,15.40%
California,Fontana,Asian alone,14098,6.70%
California,Fontana,Black alone,12557,6.00%
California,Fontana,Two or more races,3449,1.60%
California,Fontana,Native Hawaiian and OtherPacific Islander alone,1143,0.50%
California,Fontana,Other race alone,549,0.30%
California,Fontana,American Indian alone,297,0.10%
California,Santa Clarita,White alone,94125,51.70%
California,Santa Clarita,Hispanic,55747,30.60%
California,Santa Clarita,Asian alone,18297,10.10%
California,Santa Clarita,Two or more races,7159,3.90%
California,Santa Clarita,Black alone,6388,3.50%
California,Santa Clarita,American Indian alone,110,0.06%
California,Santa Clarita,Other race alone,114,0.06%
California,Santa Clarita,Native Hawaiian and OtherPacific Islander alone,20,0.01%
Alabama,Birmingham,Black alone,152321,71.70%
Alabama,Birmingham,White alone,47447,22.30%
Alabama,Birmingham,Hispanic,7255,3.40%
Alabama,Birmingham,Two or more races,3827,1.80%
Alabama,Birmingham,Asian alone,1588,0.70%
Alabama,Birmingham,Other race alone,394,0.20%
Alabama,Birmingham,American Indian alone,213,0.10%
Alabama,Birmingham,Native Hawaiian and OtherPacific Islander alone,18,0.01%
California,Oxnard,Hispanic,154161,74.10%
California,Oxnard,White alone,32057,15.40%
California,Oxnard,Asian alone,13569,6.50%
California,Oxnard,Black alone,4910,2.40%
California,Oxnard,Two or more races,2599,1.30%
California,Oxnard,Native Hawaiian and OtherPacific Islander alone,267,0.10%
California,Oxnard,Other race alone,239,0.10%
California,Oxnard,American Indian alone,109,0.05%
North Carolina,Fayetteville,Black alone,86560,42.30%
North Carolina,Fayetteville,White alone,77785,38.00%
North Carolina,Fayetteville,Hispanic,23953,11.70%
North Carolina,Fayetteville,Two or more races,8825,4.30%
North Carolina,Fayetteville,Asian alone,4982,2.40%
North Carolina,Fayetteville,American Indian alone,1869,0.90%
North Carolina,Fayetteville,Native Hawaiian and OtherPacific Islander alone,336,0.20%
North Carolina,Fayetteville,Other race alone,467,0.20%
New York,Rochester,Black alone,81892,39.20%
New York,Rochester,White alone,74333,35.60%
New York,Rochester,Hispanic,40395,19.30%
New York,Rochester,Two or more races,6445,3.10%
New York,Rochester,Asian alone,4736,2.30%
New York,Rochester,American Indian alone,857,0.40%
New York,Rochester,Other race alone,167,0.08%
New York,Rochester,Native Hawaiian and OtherPacific Islander alone,61,0.03%
California,Moreno Valley,Hispanic,118935,57.90%
California,Moreno Valley,Black alone,36588,17.80%
California,Moreno Valley,White alone,34425,16.80%
California,Moreno Valley,Asian alone,11279,5.50%
California,Moreno Valley,Two or more races,2836,1.40%
California,Moreno Valley,Native Hawaiian and OtherPacific Islander alone,984,0.50%
California,Moreno Valley,Other race alone,364,0.20%
California,Moreno Valley,American Indian alone,105,0.05%
California,Glendale,White alone,117929,61.50%
California,Glendale,Hispanic,33414,17.40%
California,Glendale,Asian alone,31073,16.20%
California,Glendale,Two or more races,6315,3.30%
California,Glendale,Black alone,2325,1.20%
California,Glendale,Other race alone,366,0.20%
California,Glendale,American Indian alone,192,0.10%
California,Glendale,Native Hawaiian and OtherPacific Islander alone,105,0.05%
New York,Yonkers,White alone,74212,37.00%
New York,Yonkers,Hispanic,70228,35.00%
New York,Yonkers,Black alone,37302,18.60%
New York,Yonkers,Asian alone,15050,7.50%
New York,Yonkers,Two or more races,3768,1.90%
New York,Yonkers,Other race alone,159,0.08%
New York,Yonkers,American Indian alone,36,0.02%
New York,Yonkers,Native Hawaiian and OtherPacific Islander alone,37,0.02%
California,Huntington Beach,White alone,128984,64.30%
California,Huntington Beach,Hispanic,36597,18.20%
California,Huntington Beach,Asian alone,22358,11.10%
California,Huntington Beach,Two or more races,6001,3.00%
California,Huntington Beach,Black alone,4115,2.10%
California,Huntington Beach,Native Hawaiian and OtherPacific Islander alone,1084,0.50%
California,Huntington Beach,American Indian alone,789,0.40%
California,Huntington Beach,Other race alone,703,0.40%
Illinois,Aurora,Hispanic,89586,45.50%
Illinois,Aurora,White alone,68625,34.80%
Illinois,Aurora,Black alone,20636,10.50%
Illinois,Aurora,Asian alone,14376,7.30%
Illinois,Aurora,Two or more races,3265,1.70%
Illinois,Aurora,Native Hawaiian and OtherPacific Islander alone,414,0.20%
Illinois,Aurora,American Indian alone,139,0.07%
Illinois,Aurora,Other race alone,66,0.03%
Texas,Amarillo,White alone,106498,53.80%
Texas,Amarillo,Hispanic,64934,32.80%
Texas,Amarillo,Black alone,13284,6.70%
Texas,Amarillo,Asian alone,7837,4.00%
Texas,Amarillo,Two or more races,4589,2.30%
Texas,Amarillo,American Indian alone,530,0.30%
Texas,Amarillo,Native Hawaiian and OtherPacific Islander alone,140,0.07%
Alabama,Montgomery,Black alone,121244,59.80%
Alabama,Montgomery,White alone,66585,32.90%
Alabama,Montgomery,Hispanic,7227,3.60%
Alabama,Montgomery,Asian alone,5108,2.50%
Alabama,Montgomery,Two or more races,3121,1.50%
Alabama,Montgomery,Other race alone,375,0.20%
Alabama,Montgomery,American Indian alone,269,0.10%
Michigan,Grand Rapids,White alone,116265,59.20%
Michigan,Grand Rapids,Black alone,35981,18.30%
Michigan,Grand Rapids,Hispanic,29825,15.20%
Michigan,Grand Rapids,Two or more races,9115,4.60%
Michigan,Grand Rapids,Asian alone,4266,2.20%
Michigan,Grand Rapids,American Indian alone,453,0.20%
Michigan,Grand Rapids,Other race alone,486,0.20%
Michigan,Grand Rapids,Native Hawaiian and OtherPacific Islander alone,67,0.03%
Arkansas,Little Rock,White alone,90091,45.40%
Arkansas,Little Rock,Black alone,83491,42.10%
Arkansas,Little Rock,Hispanic,13668,6.90%
Arkansas,Little Rock,Asian alone,6004,3.00%
Arkansas,Little Rock,Two or more races,4472,2.30%
Arkansas,Little Rock,Other race alone,744,0.40%
Arkansas,Little Rock,American Indian alone,268,0.10%
Arkansas,Little Rock,Native Hawaiian and OtherPacific Islander alone,27,0.01%
Ohio,Akron,White alone,116851,59.00%
Ohio,Akron,Black alone,60179,30.40%
Ohio,Akron,Two or more races,8301,4.20%
Ohio,Akron,Asian alone,8195,4.10%
Ohio,Akron,Hispanic,4750,2.40%
Ohio,Akron,Other race alone,490,0.20%
Ohio,Akron,American Indian alone,232,0.10%
Ohio,Akron,Native Hawaiian and OtherPacific Islander alone,26,0.01%
Georgia,Augusta,Black alone,69833,50.60%
Georgia,Augusta,White alone,60889,44.10%
Georgia,Augusta,Hispanic,3010,2.20%
Georgia,Augusta,Asian alone,1905,1.40%
Georgia,Augusta,Two or more races,1768,1.30%
Georgia,Augusta,American Indian alone,297,0.20%
Georgia,Augusta,Other race alone,208,0.20%
Georgia,Augusta,Native Hawaiian and OtherPacific Islander alone,90,0.07%
Alabama,Huntsville,White alone,111375,56.80%
Alabama,Huntsville,Black alone,61559,31.40%
Alabama,Huntsville,Hispanic,12391,6.30%
Alabama,Huntsville,Asian alone,5452,2.80%
Alabama,Huntsville,Two or more races,4026,2.10%
Alabama,Huntsville,American Indian alone,895,0.50%
Alabama,Huntsville,Native Hawaiian and OtherPacific Islander alone,250,0.10%
Alabama,Huntsville,Other race alone,277,0.10%
Georgia,Columbus,White alone,90200,48.60%
Georgia,Columbus,Black alone,80698,43.40%
Georgia,Columbus,Hispanic,8368,4.50%
Georgia,Columbus,Asian alone,2788,1.50%
Georgia,Columbus,Two or more races,2568,1.40%
Georgia,Columbus,American Indian alone,614,0.30%
Georgia,Columbus,Other race alone,297,0.20%
Georgia,Columbus,Native Hawaiian and OtherPacific Islander alone,248,0.10%
Texas,Grand Prairie,Hispanic,88468,46.40%
Texas,Grand Prairie,White alone,43789,23.00%
Texas,Grand Prairie,Black alone,39199,20.60%
Texas,Grand Prairie,Asian alone,15551,8.20%
Texas,Grand Prairie,Two or more races,3351,1.80%
Texas,Grand Prairie,American Indian alone,268,0.10%
Louisiana,Shreveport,Black alone,111818,57.30%
Louisiana,Shreveport,White alone,72970,37.40%
Louisiana,Shreveport,Hispanic,5455,2.80%
Louisiana,Shreveport,Asian alone,3036,1.60%
Louisiana,Shreveport,Two or more races,1686,0.90%
Louisiana,Shreveport,Other race alone,628,0.30%
Louisiana,Shreveport,American Indian alone,359,0.20%
Louisiana,Shreveport,Native Hawaiian and OtherPacific Islander alone,81,0.04%
Kansas,Overland Park,White alone,149258,79.00%
Kansas,Overland Park,Hispanic,13232,7.00%
Kansas,Overland Park,Asian alone,12126,6.40%
Kansas,Overland Park,Black alone,9185,4.90%
Kansas,Overland Park,Two or more races,4920,2.60%
Kansas,Overland Park,American Indian alone,119,0.06%
Kansas,Overland Park,Other race alone,115,0.06%
Florida,Tallahassee,White alone,98305,51.50%
Florida,Tallahassee,Black alone,64105,33.60%
Florida,Tallahassee,Hispanic,12929,6.80%
Florida,Tallahassee,Asian alone,8717,4.60%
Florida,Tallahassee,Two or more races,5783,3.00%
Florida,Tallahassee,Other race alone,570,0.30%
Florida,Tallahassee,American Indian alone,230,0.10%
Florida,Tallahassee,Native Hawaiian and OtherPacific Islander alone,256,0.10%
Alabama,Mobile,Black alone,98738,50.90%
Alabama,Mobile,White alone,83666,43.10%
Alabama,Mobile,Hispanic,5443,2.80%
Alabama,Mobile,Asian alone,3183,1.60%
Alabama,Mobile,Two or more races,2452,1.30%
Alabama,Mobile,American Indian alone,450,0.20%
Alabama,Mobile,Other race alone,298,0.20%
Florida,Port St. Lucie,White alone,105093,57.20%
Florida,Port St. Lucie,Hispanic,38494,21.00%
Florida,Port St. Lucie,Black alone,31770,17.30%
Florida,Port St. Lucie,Asian alone,4523,2.50%
Florida,Port St. Lucie,Two or more races,3557,1.90%
Florida,Port St. Lucie,American Indian alone,326,0.20%
Florida,Port St. Lucie,Other race alone,106,0.06%
Florida,Port St. Lucie,Native Hawaiian and OtherPacific Islander alone,64,0.03%
Tennessee,Knoxville,White alone,132076,70.90%
Tennessee,Knoxville,Black alone,32931,17.70%
Tennessee,Knoxville,Hispanic,10984,5.90%
Tennessee,Knoxville,Asian alone,4349,2.30%
Tennessee,Knoxville,Two or more races,4011,2.20%
Tennessee,Knoxville,Other race alone,982,0.50%
Tennessee,Knoxville,American Indian alone,644,0.30%
Tennessee,Knoxville,Native Hawaiian and OtherPacific Islander alone,261,0.10%
Massachusetts,Worcester,White alone,102756,55.70%
Massachusetts,Worcester,Hispanic,37996,20.60%
Massachusetts,Worcester,Black alone,24740,13.40%
Massachusetts,Worcester,Asian alone,14312,7.80%
Massachusetts,Worcester,Two or more races,3698,2.00%
Massachusetts,Worcester,Other race alone,668,0.40%
Massachusetts,Worcester,American Indian alone,290,0.20%
Massachusetts,Worcester,Native Hawaiian and OtherPacific Islander alone,49,0.03%
Arizona,Tempe,White alone,107804,59.10%
Arizona,Tempe,Hispanic,33564,18.40%
Arizona,Tempe,Asian alone,16578,9.10%
Arizona,Tempe,Black alone,14634,8.00%
Arizona,Tempe,Two or more races,6347,3.50%
Arizona,Tempe,American Indian alone,2926,1.60%
Arizona,Tempe,Native Hawaiian and OtherPacific Islander alone,646,0.40%
Florida,Cape Coral,White alone,129773,72.20%
Florida,Cape Coral,Hispanic,40629,22.60%
Florida,Cape Coral,Black alone,4615,2.60%
Florida,Cape Coral,Asian alone,3202,1.80%
Florida,Cape Coral,Two or more races,1401,0.80%
Florida,Cape Coral,American Indian alone,175,0.10%
Texas,Brownsville,Hispanic,173237,94.40%
Texas,Brownsville,White alone,8355,4.60%
Texas,Brownsville,Asian alone,1519,0.80%
Texas,Brownsville,Black alone,507,0.30%
Texas,Brownsville,Two or more races,235,0.10%
Texas,Brownsville,American Indian alone,61,0.03%
Texas,Brownsville,Other race alone,60,0.03%
Texas,Brownsville,Native Hawaiian and OtherPacific Islander alone,13,0.01%
Texas,McKinney,White alone,100107,60.20%
Texas,McKinney,Hispanic,31880,19.20%
Texas,McKinney,Black alone,18815,11.30%
Texas,McKinney,Asian alone,9396,5.70%
Texas,McKinney,Two or more races,3704,2.20%
Texas,McKinney,Other race alone,611,0.40%
Texas,McKinney,American Indian alone,407,0.20%
Texas,McKinney,Native Hawaiian and OtherPacific Islander alone,99,0.06%
Rhode Island,Providence,Hispanic,80350,44.80%
Rhode Island,Providence,White alone,59562,33.20%
Rhode Island,Providence,Black alone,20307,11.30%
Rhode Island,Providence,Asian alone,10651,5.90%
Rhode Island,Providence,Two or more races,5640,3.10%
Rhode Island,Providence,American Indian alone,2187,1.20%
Rhode Island,Providence,Other race alone,414,0.20%
Rhode Island,Providence,Native Hawaiian and OtherPacific Islander alone,103,0.06%
Florida,Fort Lauderdale,White alone,85137,47.60%
Florida,Fort Lauderdale,Black alone,56506,31.60%
Florida,Fort Lauderdale,Hispanic,30840,17.30%
Florida,Fort Lauderdale,Two or more races,2968,1.70%
Florida,Fort Lauderdale,Asian alone,2750,1.50%
Florida,Fort Lauderdale,Other race alone,416,0.20%
Florida,Fort Lauderdale,American Indian alone,147,0.08%
Virginia,Newport News,White alone,79561,43.80%
Virginia,Newport News,Black alone,70392,38.70%
Virginia,Newport News,Hispanic,16076,8.80%
Virginia,Newport News,Two or more races,10180,5.60%
Virginia,Newport News,Asian alone,4374,2.40%
Virginia,Newport News,Other race alone,730,0.40%
Virginia,Newport News,American Indian alone,430,0.20%
Virginia,Newport News,Native Hawaiian and OtherPacific Islander alone,82,0.05%
Tennessee,Chattanooga,White alone,101729,56.90%
Tennessee,Chattanooga,Black alone,58861,32.90%
Tennessee,Chattanooga,Hispanic,10004,5.60%
Tennessee,Chattanooga,Asian alone,3722,2.10%
Tennessee,Chattanooga,Two or more races,3771,2.10%
Tennessee,Chattanooga,American Indian alone,286,0.20%
Tennessee,Chattanooga,Native Hawaiian and OtherPacific Islander alone,79,0.04%
Tennessee,Chattanooga,Other race alone,23,0.01%
California,Rancho Cucamonga,White alone,65132,36.90%
California,Rancho Cucamonga,Hispanic,64447,36.50%
California,Rancho Cucamonga,Asian alone,21634,12.30%
California,Rancho Cucamonga,Black alone,18667,10.60%
California,Rancho Cucamonga,Two or more races,5304,3.00%
California,Rancho Cucamonga,Native Hawaiian and OtherPacific Islander alone,597,0.30%
California,Rancho Cucamonga,American Indian alone,387,0.20%
California,Rancho Cucamonga,Other race alone,372,0.20%
Texas,Frisco,White alone,101971,62.30%
Texas,Frisco,Asian alone,33350,20.40%
Texas,Frisco,Hispanic,12821,7.80%
Texas,Frisco,Black alone,10857,6.60%
Texas,Frisco,Two or more races,3926,2.40%
Texas,Frisco,American Indian alone,462,0.30%
Texas,Frisco,Other race alone,209,0.10%
Texas,Frisco,Native Hawaiian and OtherPacific Islander alone,35,0.02%
South Dakota,Sioux Falls,White alone,140104,82.10%
South Dakota,Sioux Falls,Hispanic,9322,5.50%
South Dakota,Sioux Falls,Black alone,8516,5.00%
South Dakota,Sioux Falls,American Indian alone,4458,2.60%
South Dakota,Sioux Falls,Asian alone,4490,2.60%
South Dakota,Sioux Falls,Two or more races,4026,2.40%
South Dakota,Sioux Falls,Other race alone,122,0.07%
South Dakota,Sioux Falls,Native Hawaiian and OtherPacific Islander alone,14,0.01%
California,Oceanside,White alone,82488,47.00%
California,Oceanside,Hispanic,64536,36.80%
California,Oceanside,Asian alone,12004,6.80%
California,Oceanside,Two or more races,7394,4.20%
California,Oceanside,Black alone,6873,3.90%
California,Oceanside,Native Hawaiian and OtherPacific Islander alone,1685,1.00%
California,Oceanside,American Indian alone,388,0.20%
California,Oceanside,Other race alone,73,0.04%
California,Ontario,Hispanic,122012,70.40%
California,Ontario,White alone,26931,15.50%
California,Ontario,Black alone,12231,7.10%
California,Ontario,Asian alone,9014,5.20%
California,Ontario,Two or more races,1993,1.20%
California,Ontario,American Indian alone,462,0.30%
California,Ontario,Other race alone,396,0.20%
California,Ontario,Native Hawaiian and OtherPacific Islander alone,172,0.10%
Washington,Vancouver,White alone,124897,71.40%
Washington,Vancouver,Hispanic,24602,14.10%
Washington,Vancouver,Asian alone,10538,6.00%
Washington,Vancouver,Two or more races,7661,4.40%
Washington,Vancouver,Black alone,3926,2.20%
Washington,Vancouver,Native Hawaiian and OtherPacific Islander alone,2477,1.40%
Washington,Vancouver,American Indian alone,735,0.40%
California,Santa Rosa,White alone,99156,56.60%
California,Santa Rosa,Hispanic,53312,30.40%
California,Santa Rosa,Asian alone,10119,5.80%
California,Santa Rosa,Two or more races,6224,3.60%
California,Santa Rosa,Black alone,3839,2.20%
California,Santa Rosa,American Indian alone,1223,0.70%
California,Santa Rosa,Native Hawaiian and OtherPacific Islander alone,1270,0.70%
California,Garden Grove,Asian alone,73433,42.00%
California,Garden Grove,Hispanic,62387,35.70%
California,Garden Grove,White alone,33537,19.20%
California,Garden Grove,Two or more races,2539,1.50%
California,Garden Grove,Black alone,2348,1.30%
California,Garden Grove,Other race alone,285,0.20%
California,Garden Grove,Native Hawaiian and OtherPacific Islander alone,233,0.10%
California,Garden Grove,American Indian alone,115,0.07%
California,Elk Grove,White alone,59987,35.30%
California,Elk Grove,Asian alone,48337,28.50%
California,Elk Grove,Hispanic,31542,18.60%
California,Elk Grove,Black alone,13886,8.20%
California,Elk Grove,Two or more races,12235,7.20%
California,Elk Grove,Native Hawaiian and OtherPacific Islander alone,3010,1.80%
California,Elk Grove,American Indian alone,552,0.30%
California,Elk Grove,Other race alone,231,0.10%
Florida,Pembroke Pines,Hispanic,77606,46.00%
Florida,Pembroke Pines,White alone,54925,32.60%
Florida,Pembroke Pines,Black alone,27164,16.10%
Florida,Pembroke Pines,Asian alone,6648,3.90%
Florida,Pembroke Pines,Two or more races,1188,0.70%
Florida,Pembroke Pines,Other race alone,830,0.50%
Florida,Pembroke Pines,American Indian alone,190,0.10%
Florida,Pembroke Pines,Native Hawaiian and OtherPacific Islander alone,36,0.02%
Oregon,Salem,White alone,115159,68.80%
Oregon,Salem,Hispanic,37849,22.60%
Oregon,Salem,Asian alone,5528,3.30%
Oregon,Salem,Two or more races,4265,2.50%
Oregon,Salem,Native Hawaiian and OtherPacific Islander alone,1770,1.10%
Oregon,Salem,Black alone,1348,0.80%
Oregon,Salem,American Indian alone,1383,0.80%
Oregon,Salem,Other race alone,119,0.07%
Oregon,Eugene,White alone,130337,78.20%
Oregon,Eugene,Hispanic,16462,9.90%
Oregon,Eugene,Two or more races,7347,4.40%
Oregon,Eugene,Asian alone,7083,4.30%
Oregon,Eugene,Black alone,2837,1.70%
Oregon,Eugene,American Indian alone,1403,0.80%
Oregon,Eugene,Other race alone,622,0.40%
Oregon,Eugene,Native Hawaiian and OtherPacific Islander alone,490,0.30%
Arizona,Peoria,White alone,118147,72.00%
Arizona,Peoria,Hispanic,28065,17.10%
Arizona,Peoria,Asian alone,7020,4.30%
Arizona,Peoria,Black alone,5821,3.50%
Arizona,Peoria,Two or more races,4471,2.70%
Arizona,Peoria,American Indian alone,445,0.30%
Arizona,Peoria,Native Hawaiian and OtherPacific Islander alone,142,0.09%
Arizona,Peoria,Other race alone,87,0.05%
California,Corona,Hispanic,69861,41.90%
California,Corona,White alone,63715,38.20%
California,Corona,Asian alone,20815,12.50%
California,Corona,Black alone,5878,3.50%
California,Corona,Two or more races,4554,2.70%
California,Corona,Native Hawaiian and OtherPacific Islander alone,1330,0.80%
California,Corona,Other race alone,424,0.30%
California,Corona,American Indian alone,197,0.10%
Missouri,Springfield,White alone,141741,84.90%
Missouri,Springfield,Black alone,8214,4.90%
Missouri,Springfield,Hispanic,7498,4.50%
Missouri,Springfield,Two or more races,4413,2.60%
Missouri,Springfield,Asian alone,3674,2.20%
Missouri,Springfield,American Indian alone,1269,0.80%
Missouri,Springfield,Other race alone,425,0.30%
Missouri,Springfield,Native Hawaiian and OtherPacific Islander alone,61,0.04%
Mississippi,Jackson,Black alone,140828,81.90%
Mississippi,Jackson,White alone,28541,16.60%
Mississippi,Jackson,Hispanic,2276,1.30%
Mississippi,Jackson,Two or more races,1002,0.60%
Mississippi,Jackson,Asian alone,602,0.30%
Mississippi,Jackson,American Indian alone,153,0.09%
Mississippi,Jackson,Native Hawaiian and OtherPacific Islander alone,114,0.07%
Mississippi,Jackson,Other race alone,15,0.01%
North Carolina,Cary,White alone,104407,63.70%
North Carolina,Cary,Asian alone,28520,17.40%
North Carolina,Cary,Hispanic,15267,9.30%
North Carolina,Cary,Black alone,11021,6.70%
North Carolina,Cary,Two or more races,3734,2.30%
North Carolina,Cary,American Indian alone,783,0.50%
North Carolina,Cary,Other race alone,275,0.20%
Colorado,Fort Collins,White alone,129481,78.90%
Colorado,Fort Collins,Hispanic,22098,13.50%
Colorado,Fort Collins,Asian alone,4937,3.00%
Colorado,Fort Collins,Two or more races,3658,2.20%
Colorado,Fort Collins,Black alone,2795,1.70%
Colorado,Fort Collins,American Indian alone,784,0.50%
Colorado,Fort Collins,Native Hawaiian and OtherPacific Islander alone,292,0.20%
Colorado,Fort Collins,Other race alone,151,0.09%
California,Hayward,Hispanic,66470,41.80%
California,Hayward,Asian alone,40075,25.20%
California,Hayward,White alone,27877,17.50%
California,Hayward,Black alone,11759,7.40%
California,Hayward,Two or more races,7303,4.60%
California,Hayward,Native Hawaiian and OtherPacific Islander alone,4808,3.00%
California,Hayward,American Indian alone,317,0.20%
California,Hayward,Other race alone,360,0.20%
California,Lancaster,Hispanic,63166,39.50%
California,Lancaster,White alone,50294,31.40%
California,Lancaster,Black alone,32430,20.30%
California,Lancaster,Asian alone,8387,5.20%
California,Lancaster,Two or more races,5409,3.40%
California,Lancaster,American Indian alone,212,0.10%
California,Lancaster,Native Hawaiian and OtherPacific Islander alone,144,0.09%
California,Lancaster,Other race alone,65,0.04%
Virginia,Alexandria,White alone,74878,53.50%
Virginia,Alexandria,Black alone,29778,21.30%
Virginia,Alexandria,Hispanic,22524,16.10%
Virginia,Alexandria,Asian alone,8351,6.00%
Virginia,Alexandria,Two or more races,3514,2.50%
Virginia,Alexandria,Other race alone,485,0.30%
Virginia,Alexandria,American Indian alone,327,0.20%
Virginia,Alexandria,Native Hawaiian and OtherPacific Islander alone,109,0.08%
California,Salinas,Hispanic,123203,78.40%
California,Salinas,White alone,17236,11.00%
California,Salinas,Asian alone,11186,7.10%
California,Salinas,Black alone,2667,1.70%
California,Salinas,Two or more races,2013,1.30%
California,Salinas,Other race alone,513,0.30%
California,Salinas,American Indian alone,304,0.20%
California,Salinas,Native Hawaiian and OtherPacific Islander alone,102,0.06%
California,Palmdale,Hispanic,94247,59.90%
California,Palmdale,White alone,36854,23.40%
California,Palmdale,Black alone,15533,9.90%
California,Palmdale,Asian alone,6741,4.30%
California,Palmdale,Two or more races,3766,2.40%
California,Palmdale,Native Hawaiian and OtherPacific Islander alone,105,0.07%
California,Palmdale,American Indian alone,64,0.04%
California,Palmdale,Other race alone,39,0.02%
Colorado,Lakewood,White alone,107351,69.50%
Colorado,Lakewood,Hispanic,35522,23.00%
Colorado,Lakewood,Asian alone,5562,3.60%
Colorado,Lakewood,Two or more races,2833,1.80%
Colorado,Lakewood,Black alone,2392,1.50%
Colorado,Lakewood,American Indian alone,608,0.40%
Colorado,Lakewood,Native Hawaiian and OtherPacific Islander alone,100,0.06%
Massachusetts,Springfield,Hispanic,67284,43.70%
Massachusetts,Springfield,White alone,51029,33.10%
Massachusetts,Springfield,Black alone,29632,19.20%
Massachusetts,Springfield,Two or more races,2931,1.90%
Massachusetts,Springfield,Asian alone,2792,1.80%
Massachusetts,Springfield,American Indian alone,289,0.20%
Massachusetts,Springfield,Other race alone,122,0.08%
California,Sunnyvale,Asian alone,68004,44.60%
California,Sunnyvale,White alone,49027,32.20%
California,Sunnyvale,Hispanic,26640,17.50%
California,Sunnyvale,Two or more races,5194,3.40%
California,Sunnyvale,Black alone,2763,1.80%
California,Sunnyvale,Native Hawaiian and OtherPacific Islander alone,710,0.50%
California,Sunnyvale,Other race alone,468,0.30%
California,Sunnyvale,American Indian alone,268,0.20%
Florida,Hollywood,White alone,63699,41.90%
Florida,Hollywood,Hispanic,58633,38.60%
Florida,Hollywood,Black alone,23339,15.40%
Florida,Hollywood,Two or more races,3236,2.10%
Florida,Hollywood,Asian alone,1969,1.30%
Florida,Hollywood,Other race alone,961,0.60%
Florida,Hollywood,Native Hawaiian and OtherPacific Islander alone,134,0.09%
Florida,Hollywood,American Indian alone,36,0.02%
Texas,Pasadena,Hispanic,100443,65.50%
Texas,Pasadena,White alone,44737,29.20%
Texas,Pasadena,Black alone,4818,3.10%
Texas,Pasadena,Asian alone,2147,1.40%
Texas,Pasadena,Two or more races,1036,0.70%
Texas,Pasadena,American Indian alone,178,0.10%
Tennessee,Clarksville,White alone,87019,57.90%
Tennessee,Clarksville,Black alone,32541,21.70%
Tennessee,Clarksville,Hispanic,17490,11.60%
Tennessee,Clarksville,Two or more races,5224,3.50%
Tennessee,Clarksville,Asian alone,4365,2.90%
Tennessee,Clarksville,Native Hawaiian and OtherPacific Islander alone,1375,0.90%
Tennessee,Clarksville,American Indian alone,1268,0.80%
Tennessee,Clarksville,Other race alone,998,0.70%
California,Pomona,Hispanic,112203,73.60%
California,Pomona,White alone,14869,9.80%
California,Pomona,Asian alone,14033,9.20%
California,Pomona,Black alone,8194,5.40%
California,Pomona,Two or more races,2366,1.60%
California,Pomona,Other race alone,540,0.40%
California,Pomona,American Indian alone,131,0.09%
California,Pomona,Native Hawaiian and OtherPacific Islander alone,140,0.09%
Georgia,Macon,Black alone,65415,68.80%
Georgia,Macon,White alone,25341,26.60%
Georgia,Macon,Two or more races,2507,2.60%
Georgia,Macon,Hispanic,2473,2.60%
Georgia,Macon,Asian alone,687,0.70%
Georgia,Macon,American Indian alone,55,0.06%
Georgia,Macon,Other race alone,26,0.03%
Georgia,Macon,Native Hawaiian and OtherPacific Islander alone,20,0.02%
California,Escondido,Hispanic,80614,53.20%
California,Escondido,White alone,49284,32.50%
California,Escondido,Asian alone,11847,7.80%
California,Escondido,Black alone,4369,2.90%
California,Escondido,Two or more races,4096,2.70%
California,Escondido,Native Hawaiian and OtherPacific Islander alone,960,0.60%
California,Escondido,American Indian alone,424,0.30%
New Jersey,Paterson,Hispanic,84254,57.60%
New Jersey,Paterson,Black alone,41431,28.30%
New Jersey,Paterson,White alone,13426,9.20%
New Jersey,Paterson,Asian alone,4663,3.20%
New Jersey,Paterson,Two or more races,1750,1.20%
New Jersey,Paterson,Other race alone,437,0.30%
New Jersey,Paterson,American Indian alone,217,0.10%
New Jersey,Paterson,Native Hawaiian and OtherPacific Islander alone,21,0.01%
Illinois,Joliet,White alone,78541,53.60%
Illinois,Joliet,Hispanic,36460,24.90%
Illinois,Joliet,Black alone,22520,15.40%
Illinois,Joliet,Asian alone,6055,4.10%
Illinois,Joliet,Two or more races,2722,1.90%
Illinois,Joliet,Other race alone,67,0.05%
Illinois,Joliet,American Indian alone,45,0.03%
Illinois,Naperville,White alone,97581,65.90%
Illinois,Naperville,Asian alone,27937,18.90%
Illinois,Naperville,Hispanic,9919,6.70%
Illinois,Naperville,Black alone,7876,5.30%
Illinois,Naperville,Two or more races,4307,2.90%
Illinois,Naperville,American Indian alone,401,0.30%
Illinois,Naperville,Other race alone,42,0.03%
Illinois,Rockford,White alone,77028,52.30%
Illinois,Rockford,Black alone,30746,20.90%
Illinois,Rockford,Hispanic,28693,19.50%
Illinois,Rockford,Asian alone,5487,3.70%
Illinois,Rockford,Two or more races,5092,3.50%
Illinois,Rockford,Other race alone,255,0.20%
Illinois,Rockford,American Indian alone,103,0.07%
California,Torrance,White alone,55193,37.50%
California,Torrance,Asian alone,54034,36.70%
California,Torrance,Hispanic,26281,17.90%
California,Torrance,Two or more races,6314,4.30%
California,Torrance,Black alone,3852,2.60%
California,Torrance,Native Hawaiian and OtherPacific Islander alone,653,0.40%
California,Torrance,Other race alone,539,0.40%
California,Torrance,American Indian alone,319,0.20%
Connecticut,Bridgeport,Hispanic,57549,39.40%
Connecticut,Bridgeport,Black alone,46874,32.10%
Connecticut,Bridgeport,White alone,33461,22.90%
Connecticut,Bridgeport,Asian alone,3382,2.30%
Connecticut,Bridgeport,Two or more races,3002,2.10%
Connecticut,Bridgeport,Other race alone,1407,1.00%
Connecticut,Bridgeport,American Indian alone,259,0.20%
Georgia,Savannah,Black alone,77934,53.10%
Georgia,Savannah,White alone,51836,35.30%
Georgia,Savannah,Hispanic,8729,5.90%
Georgia,Savannah,Two or more races,4332,3.00%
Georgia,Savannah,Asian alone,3297,2.20%
Georgia,Savannah,American Indian alone,274,0.20%
Georgia,Savannah,Native Hawaiian and OtherPacific Islander alone,142,0.10%
Georgia,Savannah,Other race alone,218,0.10%
Texas,Killeen,Black alone,50175,35.00%
Texas,Killeen,White alone,43128,30.10%
Texas,Killeen,Hispanic,35770,24.90%
Texas,Killeen,Two or more races,7183,5.00%
Texas,Killeen,Asian alone,4586,3.20%
Texas,Killeen,Native Hawaiian and OtherPacific Islander alone,2151,1.50%
Texas,Killeen,American Indian alone,255,0.20%
Texas,Killeen,Other race alone,149,0.10%
Washington,Bellevue,White alone,72723,51.40%
Washington,Bellevue,Asian alone,48842,34.60%
Washington,Bellevue,Hispanic,10174,7.20%
Washington,Bellevue,Two or more races,6723,4.80%
Washington,Bellevue,Black alone,3496,2.50%
Washington,Bellevue,American Indian alone,277,0.20%
Washington,Bellevue,Native Hawaiian and OtherPacific Islander alone,306,0.20%
Washington,Bellevue,Other race alone,253,0.20%
Texas,Mesquite,Hispanic,56298,39.20%
Texas,Mesquite,White alone,44899,31.20%
Texas,Mesquite,Black alone,35591,24.80%
Texas,Mesquite,Asian alone,4066,2.80%
Texas,Mesquite,Two or more races,2035,1.40%
Texas,Mesquite,American Indian alone,698,0.50%
Texas,Mesquite,Native Hawaiian and OtherPacific Islander alone,91,0.06%
Texas,Mesquite,Other race alone,85,0.06%
New York,Syracuse,White alone,72785,50.80%
New York,Syracuse,Black alone,39733,27.70%
New York,Syracuse,Hispanic,13015,9.10%
New York,Syracuse,Asian alone,8484,5.90%
New York,Syracuse,Two or more races,7860,5.50%
New York,Syracuse,American Indian alone,931,0.60%
New York,Syracuse,Other race alone,570,0.40%
Texas,McAllen,Hispanic,121579,85.60%
Texas,McAllen,White alone,14278,10.00%
Texas,McAllen,Asian alone,4604,3.20%
Texas,McAllen,Two or more races,684,0.50%
Texas,McAllen,Black alone,599,0.40%
Texas,McAllen,American Indian alone,188,0.10%
Texas,McAllen,Other race alone,68,0.05%
Texas,McAllen,Native Hawaiian and OtherPacific Islander alone,48,0.03%
California,Pasadena,White alone,50388,35.50%
California,Pasadena,Hispanic,49753,35.00%
California,Pasadena,Asian alone,23462,16.50%
California,Pasadena,Black alone,13358,9.40%
California,Pasadena,Two or more races,3949,2.80%
California,Pasadena,Native Hawaiian and OtherPacific Islander alone,615,0.40%
California,Pasadena,Other race alone,425,0.30%
California,Pasadena,American Indian alone,102,0.07%
California,Orange,White alone,63842,45.40%
California,Orange,Hispanic,55110,39.20%
California,Orange,Asian alone,14802,10.50%
California,Orange,Two or more races,3472,2.50%
California,Orange,Black alone,2424,1.70%
California,Orange,American Indian alone,666,0.50%
California,Orange,Native Hawaiian and OtherPacific Islander alone,191,0.10%
California,Fullerton,Hispanic,49750,35.40%
California,Fullerton,White alone,46355,32.90%
California,Fullerton,Asian alone,34732,24.70%
California,Fullerton,Two or more races,5339,3.80%
California,Fullerton,Black alone,3694,2.60%
California,Fullerton,American Indian alone,395,0.30%
California,Fullerton,Other race alone,325,0.20%
California,Fullerton,Native Hawaiian and OtherPacific Islander alone,144,0.10%
Ohio,Dayton,White alone,72728,51.70%
Ohio,Dayton,Black alone,55679,39.60%
Ohio,Dayton,Hispanic,5923,4.20%
Ohio,Dayton,Two or more races,4649,3.30%
Ohio,Dayton,Asian alone,1618,1.10%
Ohio,Dayton,American Indian alone,282,0.20%
Ohio,Dayton,Other race alone,112,0.08%
Ohio,Dayton,Native Hawaiian and OtherPacific Islander alone,42,0.03%
Florida,Miramar,Black alone,62045,44.80%
Florida,Miramar,Hispanic,47005,33.90%
Florida,Miramar,White alone,16976,12.30%
Florida,Miramar,Asian alone,6993,5.10%
Florida,Miramar,Two or more races,4403,3.20%
Florida,Miramar,Other race alone,1032,0.70%
Florida,Miramar,American Indian alone,7,0.01%
Kansas,Olathe,White alone,103251,76.20%
Kansas,Olathe,Hispanic,15054,11.10%
Kansas,Olathe,Black alone,6429,4.70%
Kansas,Olathe,Asian alone,6090,4.50%
Kansas,Olathe,Two or more races,4457,3.30%
Kansas,Olathe,American Indian alone,239,0.20%
Kansas,Olathe,Other race alone,166,0.10%
Kansas,Olathe,Native Hawaiian and OtherPacific Islander alone,49,0.04%
Colorado,Thornton,White alone,81797,59.80%
Colorado,Thornton,Hispanic,42461,31.10%
Colorado,Thornton,Asian alone,6417,4.70%
Colorado,Thornton,Two or more races,3177,2.30%
Colorado,Thornton,Black alone,2491,1.80%
Colorado,Thornton,American Indian alone,347,0.30%
Texas,Waco,White alone,55837,41.50%
Texas,Waco,Hispanic,43487,32.40%
Texas,Waco,Black alone,30383,22.60%
Texas,Waco,Asian alone,2425,1.80%
Texas,Waco,Two or more races,2116,1.60%
Texas,Waco,American Indian alone,83,0.06%
Texas,Waco,Native Hawaiian and OtherPacific Islander alone,55,0.04%
Texas,Waco,Other race alone,36,0.03%
Tennessee,Murfreesboro,White alone,88361,68.20%
Tennessee,Murfreesboro,Black alone,22797,17.60%
Tennessee,Murfreesboro,Hispanic,8310,6.40%
Tennessee,Murfreesboro,Asian alone,5160,4.00%
Tennessee,Murfreesboro,Two or more races,4770,3.70%
Tennessee,Murfreesboro,American Indian alone,228,0.20%
Tennessee,Murfreesboro,Other race alone,268,0.20%
Tennessee,Murfreesboro,Native Hawaiian and OtherPacific Islander alone,60,0.05%
Texas,Denton,White alone,75713,56.60%
Texas,Denton,Hispanic,34030,25.40%
Texas,Denton,Black alone,13354,10.00%
Texas,Denton,Asian alone,5747,4.30%
Texas,Denton,Two or more races,3924,2.90%
Texas,Denton,American Indian alone,679,0.50%
Texas,Denton,Native Hawaiian and OtherPacific Islander alone,221,0.20%
Texas,Denton,Other race alone,135,0.10%
Texas,Midland,White alone,60482,45.70%
Texas,Midland,Hispanic,57360,43.30%
Texas,Midland,Black alone,9417,7.10%
Texas,Midland,Asian alone,2680,2.00%
Texas,Midland,Two or more races,1592,1.20%
Texas,Midland,American Indian alone,349,0.30%
Texas,Midland,Other race alone,90,0.07%
Texas,Midland,Native Hawaiian and OtherPacific Islander alone,51,0.04%
Texas,Carrollton,White alone,54394,40.80%
Texas,Carrollton,Hispanic,43927,32.90%
Texas,Carrollton,Asian alone,19477,14.60%
Texas,Carrollton,Black alone,12423,9.30%
Texas,Carrollton,Two or more races,2543,1.90%
Texas,Carrollton,American Indian alone,343,0.30%
Texas,Carrollton,Native Hawaiian and OtherPacific Islander alone,244,0.20%
California,Roseville,White alone,92324,69.60%
California,Roseville,Hispanic,19860,15.00%
California,Roseville,Asian alone,12663,9.50%
California,Roseville,Two or more races,5736,4.30%
California,Roseville,Black alone,1738,1.30%
California,Roseville,Native Hawaiian and OtherPacific Islander alone,260,0.20%
California,Roseville,American Indian alone,65,0.05%
California,Roseville,Other race alone,37,0.03%
Michigan,Warren,White alone,94215,69.10%
Michigan,Warren,Black alone,25780,18.90%
Michigan,Warren,Asian alone,10159,7.50%
Michigan,Warren,Two or more races,3721,2.70%
Michigan,Warren,Hispanic,3149,2.30%
Michigan,Warren,Other race alone,380,0.30%
Michigan,Warren,American Indian alone,268,0.20%
Michigan,Warren,Native Hawaiian and OtherPacific Islander alone,7,0.01%
South Carolina,Charleston,White alone,96946,71.70%
South Carolina,Charleston,Black alone,30359,22.40%
South Carolina,Charleston,Hispanic,3742,2.80%
South Carolina,Charleston,Asian alone,2337,1.70%
South Carolina,Charleston,Two or more races,2046,1.50%
South Carolina,Charleston,American Indian alone,117,0.09%
South Carolina,Charleston,Other race alone,84,0.06%
South Carolina,Charleston,Native Hawaiian and OtherPacific Islander alone,19,0.01%
Virginia,Hampton,Black alone,67469,49.80%
Virginia,Hampton,White alone,52179,38.50%
Virginia,Hampton,Hispanic,7430,5.50%
Virginia,Hampton,Two or more races,3826,2.80%
Virginia,Hampton,Asian alone,3338,2.50%
Virginia,Hampton,Other race alone,670,0.50%
Virginia,Hampton,Native Hawaiian and OtherPacific Islander alone,423,0.30%
Virginia,Hampton,American Indian alone,75,0.06%
Arizona,Surprise,White alone,91539,69.20%
Arizona,Surprise,Hispanic,24447,18.50%
Arizona,Surprise,Black alone,8228,6.20%
Arizona,Surprise,Two or more races,3403,2.60%
Arizona,Surprise,Asian alone,2913,2.20%
Arizona,Surprise,American Indian alone,529,0.40%
Arizona,Surprise,Other race alone,536,0.40%
Arizona,Surprise,Native Hawaiian and OtherPacific Islander alone,219,0.20%
South Carolina,Columbia,White alone,64293,48.00%
South Carolina,Columbia,Black alone,53396,39.90%
South Carolina,Columbia,Hispanic,7621,5.70%
South Carolina,Columbia,Asian alone,3734,2.80%
South Carolina,Columbia,Two or more races,3173,2.40%
South Carolina,Columbia,Other race alone,1168,0.90%
South Carolina,Columbia,Native Hawaiian and OtherPacific Islander alone,545,0.40%
South Carolina,Columbia,American Indian alone,42,0.03%
Florida,Coral Springs,White alone,60623,46.60%
Florida,Coral Springs,Hispanic,32181,24.70%
Florida,Coral Springs,Black alone,27736,21.30%
Florida,Coral Springs,Asian alone,5948,4.60%
Florida,Coral Springs,Two or more races,2466,1.90%
Florida,Coral Springs,Other race alone,927,0.70%
Florida,Coral Springs,American Indian alone,165,0.10%
California,Visalia,Hispanic,69879,53.30%
California,Visalia,White alone,49373,37.70%
California,Visalia,Asian alone,6418,4.90%
California,Visalia,Two or more races,2236,1.70%
California,Visalia,Black alone,1393,1.10%
California,Visalia,American Indian alone,1094,0.80%
California,Visalia,Other race alone,381,0.30%
California,Visalia,Native Hawaiian and OtherPacific Islander alone,295,0.20%
Michigan,Sterling Heights,White alone,108442,81.60%
Michigan,Sterling Heights,Asian alone,9892,7.40%
Michigan,Sterling Heights,Black alone,7512,5.70%
Michigan,Sterling Heights,Hispanic,3293,2.50%
Michigan,Sterling Heights,Two or more races,3018,2.30%
Michigan,Sterling Heights,Other race alone,307,0.20%
Michigan,Sterling Heights,American Indian alone,27,0.02%
Michigan,Sterling Heights,Native Hawaiian and OtherPacific Islander alone,30,0.02%
Florida,Gainesville,White alone,76919,58.50%
Florida,Gainesville,Black alone,24334,18.50%
Florida,Gainesville,Hispanic,16658,12.70%
Florida,Gainesville,Asian alone,8597,6.50%
Florida,Gainesville,Two or more races,3830,2.90%
Florida,Gainesville,American Indian alone,688,0.50%
Florida,Gainesville,Native Hawaiian and OtherPacific Islander alone,524,0.40%
Florida,Gainesville,Other race alone,43,0.03%
Iowa,Cedar Rapids,White alone,109630,83.90%
Iowa,Cedar Rapids,Black alone,8350,6.40%
Iowa,Cedar Rapids,Hispanic,4988,3.80%
Iowa,Cedar Rapids,Asian alone,3871,3.00%
Iowa,Cedar Rapids,Two or more races,3478,2.70%
Iowa,Cedar Rapids,American Indian alone,318,0.20%
Iowa,Cedar Rapids,Other race alone,152,0.10%
Iowa,Cedar Rapids,Native Hawaiian and OtherPacific Islander alone,48,0.04%
Connecticut,New Haven,Hispanic,42107,32.40%
Connecticut,New Haven,Black alone,38832,29.90%
Connecticut,New Haven,White alone,38091,29.30%
Connecticut,New Haven,Asian alone,6652,5.10%
Connecticut,New Haven,Two or more races,3465,2.70%
Connecticut,New Haven,American Indian alone,510,0.40%
Connecticut,New Haven,Other race alone,241,0.20%
Connecticut,New Haven,Native Hawaiian and OtherPacific Islander alone,41,0.03%
Connecticut,Stamford,White alone,57709,44.70%
Connecticut,Stamford,Hispanic,38918,30.10%
Connecticut,Stamford,Black alone,20260,15.70%
Connecticut,Stamford,Asian alone,9793,7.60%
Connecticut,Stamford,Two or more races,2060,1.60%
Connecticut,Stamford,American Indian alone,237,0.20%
Connecticut,Stamford,Other race alone,128,0.10%
New Jersey,Elizabeth,Hispanic,74353,59.50%
New Jersey,Elizabeth,Black alone,23072,18.50%
New Jersey,Elizabeth,White alone,22705,18.20%
New Jersey,Elizabeth,Asian alone,2521,2.00%
New Jersey,Elizabeth,Two or more races,1338,1.10%
New Jersey,Elizabeth,Other race alone,811,0.60%
New Jersey,Elizabeth,American Indian alone,138,0.10%
New Jersey,Elizabeth,Native Hawaiian and OtherPacific Islander alone,31,0.02%
California,Concord,White alone,61416,50.30%
California,Concord,Hispanic,37311,30.60%
California,Concord,Asian alone,13219,10.80%
California,Concord,Two or more races,4695,3.80%
California,Concord,Black alone,3991,3.30%
California,Concord,Native Hawaiian and OtherPacific Islander alone,744,0.60%
California,Concord,American Indian alone,366,0.30%
California,Concord,Other race alone,325,0.30%
California,Thousand Oaks,White alone,88366,68.50%
California,Thousand Oaks,Hispanic,20568,16.00%
California,Thousand Oaks,Asian alone,14634,11.40%
California,Thousand Oaks,Two or more races,3427,2.70%
California,Thousand Oaks,Black alone,1101,0.90%
California,Thousand Oaks,American Indian alone,330,0.30%
California,Thousand Oaks,Native Hawaiian and OtherPacific Islander alone,196,0.20%
California,Thousand Oaks,Other race alone,293,0.20%
Washington,Kent,White alone,56051,44.00%
Washington,Kent,Asian alone,25286,19.80%
Washington,Kent,Hispanic,23554,18.50%
Washington,Kent,Black alone,13085,10.30%
Washington,Kent,Two or more races,7351,5.80%
Washington,Kent,Native Hawaiian and OtherPacific Islander alone,1645,1.30%
Washington,Kent,American Indian alone,534,0.40%
California,Santa Clara,Asian alone,49693,39.50%
California,Santa Clara,White alone,44606,35.40%
California,Santa Clara,Hispanic,21298,16.90%
California,Santa Clara,Two or more races,5153,4.10%
California,Santa Clara,Black alone,4206,3.30%
California,Santa Clara,Other race alone,565,0.40%
California,Santa Clara,American Indian alone,259,0.20%
California,Santa Clara,Native Hawaiian and OtherPacific Islander alone,158,0.10%
California,Simi Valley,White alone,75133,59.50%
California,Simi Valley,Hispanic,31688,25.10%
California,Simi Valley,Asian alone,12173,9.60%
California,Simi Valley,Two or more races,4573,3.60%
California,Simi Valley,Black alone,2052,1.60%
California,Simi Valley,American Indian alone,365,0.30%
California,Simi Valley,Other race alone,199,0.20%
California,Simi Valley,Native Hawaiian and OtherPacific Islander alone,144,0.10%
Louisiana,Lafayette,White alone,76446,60.30%
Louisiana,Lafayette,Black alone,38793,30.60%
Louisiana,Lafayette,Hispanic,6144,4.80%
Louisiana,Lafayette,Two or more races,2575,2.00%
Louisiana,Lafayette,Asian alone,2409,1.90%
Louisiana,Lafayette,American Indian alone,269,0.20%
Louisiana,Lafayette,Other race alone,163,0.10%
Kansas,Topeka,White alone,84229,66.40%
Kansas,Topeka,Hispanic,20383,16.10%
Kansas,Topeka,Black alone,13905,11.00%
Kansas,Topeka,Two or more races,4381,3.50%
Kansas,Topeka,Asian alone,1928,1.50%
Kansas,Topeka,American Indian alone,1028,0.80%
Kansas,Topeka,Other race alone,831,0.70%
Kansas,Topeka,Native Hawaiian and OtherPacific Islander alone,127,0.10%
Georgia,Athens,White alone,49165,64.30%
Georgia,Athens,Black alone,19185,25.10%
Georgia,Athens,Hispanic,4172,5.50%
Georgia,Athens,Asian alone,2789,3.60%
Georgia,Athens,Two or more races,924,1.20%
Georgia,Athens,Other race alone,116,0.20%
Georgia,Athens,American Indian alone,113,0.10%
Georgia,Athens,Native Hawaiian and OtherPacific Islander alone,36,0.05%
Texas,Round Rock,White alone,53924,54.00%
Texas,Round Rock,Hispanic,28958,29.00%
Texas,Round Rock,Black alone,9254,9.30%
Texas,Round Rock,Asian alone,5056,5.10%
Texas,Round Rock,Two or more races,2135,2.10%
Texas,Round Rock,American Indian alone,288,0.30%
Texas,Round Rock,Other race alone,167,0.20%
Texas,Round Rock,Native Hawaiian and OtherPacific Islander alone,105,0.10%
Connecticut,Hartford,Hispanic,54185,43.40%
Connecticut,Hartford,Black alone,44223,35.40%
Connecticut,Hartford,White alone,19765,15.80%
Connecticut,Hartford,Asian alone,3347,2.70%
Connecticut,Hartford,Two or more races,2068,1.70%
Connecticut,Hartford,Other race alone,851,0.70%
Connecticut,Hartford,American Indian alone,309,0.20%
Connecticut,Hartford,Native Hawaiian and OtherPacific Islander alone,27,0.02%
Oklahoma,Norman,White alone,86656,70.90%
Oklahoma,Norman,Hispanic,9231,7.60%
Oklahoma,Norman,Two or more races,8190,6.70%
Oklahoma,Norman,Asian alone,7369,6.00%
Oklahoma,Norman,Black alone,5983,4.90%
Oklahoma,Norman,American Indian alone,4737,3.90%
Oklahoma,Norman,Native Hawaiian and OtherPacific Islander alone,16,0.01%
California,Victorville,Hispanic,63107,51.60%
California,Victorville,White alone,28292,23.10%
California,Victorville,Black alone,23384,19.10%
California,Victorville,Asian alone,3812,3.10%
California,Victorville,Two or more races,3253,2.70%
California,Victorville,Other race alone,432,0.40%
North Dakota,Fargo,White alone,100503,84.20%
North Dakota,Fargo,Black alone,6838,5.70%
North Dakota,Fargo,Hispanic,4006,3.40%
North Dakota,Fargo,Asian alone,3851,3.20%
North Dakota,Fargo,Two or more races,3265,2.70%
North Dakota,Fargo,American Indian alone,1374,1.20%
North Dakota,Fargo,Other race alone,26,0.02%
North Dakota,Fargo,Native Hawaiian and OtherPacific Islander alone,6,0.01%
California,Berkeley,White alone,66727,55.00%
California,Berkeley,Asian alone,23887,19.70%
California,Berkeley,Black alone,11860,9.80%
California,Berkeley,Hispanic,10519,8.70%
California,Berkeley,Two or more races,7250,6.00%
California,Berkeley,Native Hawaiian and OtherPacific Islander alone,512,0.40%
California,Berkeley,Other race alone,419,0.30%
California,Berkeley,American Indian alone,67,0.06%
California,Vallejo,Hispanic,31171,25.70%
California,Vallejo,Asian alone,28778,23.70%
California,Vallejo,White alone,26606,21.90%
California,Vallejo,Black alone,24629,20.30%
California,Vallejo,Two or more races,7829,6.50%
